,idf
абалак,2.0
абдул,2.0
абдурахман,2.0
абсолютно,1.69897
авантюрный,2.0
авез,2.0
аверченко,2.0
австралия,1.1549
автобиографический,2.0
автобиографичный,2.0
автобиография,2.0
автограф,2.0
автор,0.39794
авторский,1.39794
агамемнон,2.0
агафья,2.0
агресть,2.0
адаев,2.0
адресат,1.39794
адресовать,2.0
азазелло,2.0
азия,1.39794
айвенго,2.0
айртон,2.0
айртонуть,2.0
айтматов,1.69897
акакиевич,2.0
акакий,2.0
акел,2.0
аккаунт,0.0
акмановый,2.0
аксаков,2.0
аксинья,2.0
аксиома,1.52288
активный,0.0
актуальность,2.0
актёр,2.0
акцент,1.69897
акцентировать,2.0
алгебра,0.0
алеко,2.0
алекс,2.0
александр,0.49485
александров,2.0
александрович,1.69897
алексеевич,1.39794
алексей,1.30103
ален,0.0
аленький,2.0
алеть,2.0
алеш,1.52288
алигьерь,1.69897
алиджон,2.0
алина,0.00436
алинк,2.0
алиса,2.0
алкан,2.0
алкен,1.52288
аллея,2.0
аллитерация,1.52288
алоизий,2.0
алчность,2.0
алый,2.0
амарсан,1.52288
амбиция,2.0
америка,1.30103
американский,2.0
аминад,2.0
аминадо,1.69897
амир,1.39794
аммиак,2.0
ампер,2.0
ампутация,2.0
анализ,0.0
анализировать,1.22185
анастасия,0.88606
анатоль,2.0
ангелина,1.39794
английский,0.0
андерсен,1.30103
анджела,2.0
андреев,1.30103
андреевич,2.0
андрей,0.0
андрий,2.0
андриян,2.0
анжел,1.69897
ани,2.0
анищенок,2.0
анна,1.39794
анненский,2.0
антарктика,1.69897
антивирусный,2.0
антипод,2.0
антитеза,1.52288
антонов,0.85387
антонович,2.0
антоновка,2.0
антонян,2.0
антушевич,2.0
аня,1.09691
апк,2.0
арбуз,2.0
арбузов,2.0
арг,1.22185
аргумент,1.69897
арена,2.0
ариана,2.0
арин,1.39794
аристофан,2.0
аркадий,2.0
арквейд,2.0
армейский,2.0
армида,2.0
армия,1.69897
арнис,2.0
аромат,2.0
арсений,0.88606
арсланов,2.0
артём,1.30103
архив,0.0
архитектурный,2.0
асем,2.0
аскер,1.69897
аслан,1.69897
аспект,2.0
ассоль,2.0
ассонанс,2.0
ассоциироваться,2.0
астафьев,1.09691
астахов,2.0
ася,1.39794
атмосфера,1.52288
атом,1.69897
атюкин,1.52288
аул,2.0
аурика,2.0
аустерлицкий,2.0
афанасий,2.0
афоризм,2.0
ахиллес,2.0
ахмад,2.0
ахматов,1.1549
ахметшин,1.52288
бабиян,1.1549
бабушка,0.92082
бабушкин,2.0
багира,2.0
баж,1.52288
бажов,1.39794
база,2.0
базаев,2.0
базар,1.69897
базаров,2.0
базенков,1.1549
бактерия,1.52288
бал,1.52288
баллада,2.0
баловать,1.52288
баловник,2.0
бальзак,1.39794
банальный,2.0
барабанить,2.0
баратынский,2.0
барбос,1.69897
барин,2.0
барс,2.0
барский,1.52288
барыня,1.0
басня,2.0
батюшкова,2.0
батюшковы,2.0
бах,2.0
бахметьев,2.0
баходир,2.0
бахрома,2.0
башмачник,1.69897
баштан,2.0
бег,2.0
бегать,2.0
бегемот,2.0
беглый,2.0
беда,2.0
бедарев,0.00436
бедность,2.0
бедный,1.04576
бедствие,2.0
бежать,1.22185
бежина,2.0
безвольный,2.0
бездомный,1.39794
бездумно,2.0
бездушный,2.0
безжалостно,2.0
безжалостный,1.69897
безжизненный,2.0
беззаботно,2.0
беззаботность,2.0
беззаботный,1.22185
беззащитный,1.69897
безмерно,2.0
безнадёжно,2.0
безоблачный,2.0
безопасность,1.52288
безответный,1.69897
безрадостный,1.69897
безразличный,1.69897
безрезультатно,2.0
безропотно,1.52288
безропотный,2.0
безударный,1.69897
безудержный,2.0
безумно,1.52288
безумствовать,2.0
безухов,2.0
бейтулай,1.22185
бекир,1.69897
бекка,2.0
бел,2.0
белизна,2.0
беликов,2.0
беличенко,2.0
белкин,2.0
белов,0.00436
белок,1.52288
белокурый,1.52288
белоснежный,2.0
белые,1.1549
белый,0.95861
беляев,2.0
берег,1.39794
бережливость,2.0
бережный,2.0
березников,2.0
берлинга,2.0
берлиоз,2.0
берёза,1.69897
берёзовый,2.0
бескомпромиссный,2.0
бесконечный,2.0
бескрайний,2.0
бесовский,2.0
бесплатный,1.0
беспокоиться,2.0
бесполый,2.0
беспомощность,2.0
беспомощный,1.52288
беспощадность,2.0
беспрекословно,1.52288
бесприданница,2.0
беспросветно,2.0
бессмертность,2.0
бессмертный,1.69897
бессмысленность,2.0
бессоюзный,1.52288
бесспорный,2.0
бесстрашный,1.69897
бестолковый,1.52288
бесхарактерный,2.0
бесхитростность,2.0
бесценный,2.0
бесчувственный,2.0
бетховен,2.0
библиотека,0.0
биза,1.69897
билл,2.0
бим,1.69897
биография,0.0
биологический,2.0
биология,0.0
биосинтез,1.69897
бирюк,2.0
бисер,2.0
биссектриса,2.0
битва,2.0
благовест,2.0
благодарность,1.39794
благодарный,1.52288
благой,2.0
благополучие,2.0
благополучно,1.69897
благородный,1.30103
благородство,1.39794
бледнеть,2.0
бледный,2.0
блестящий,2.0
близкие,1.69897
близкий,0.82391
близко,2.0
близость,1.69897
блок,0.74473
блуждать,2.0
бобчинский,2.0
бог,2.0
богато,1.52288
богатство,1.1549
богатый,0.92082
богатырь,1.52288
богач,2.0
богдан,1.69897
богиня,2.0
боевой,1.39794
боец,1.69897
боженька,2.0
божественный,1.52288
божество,2.0
божий,1.69897
бой,1.39794
бойкий,1.69897
бок,2.0
болдинский,2.0
более,0.63827
болезненно,2.0
болезненность,2.0
болезненный,1.69897
болезнь,2.0
болконский,2.0
болтун,2.0
боль,2.0
больной,1.39794
больший,0.76955
большинство,1.39794
большой,0.45593
бондарев,2.0
бонус,0.22915
бора,2.0
борис,1.04576
борменталь,2.0
борода,2.0
бородино,1.52288
бородинский,1.39794
бородка,2.0
бороздить,2.0
бороться,1.22185
бортник,2.0
борьба,1.22185
босой,2.0
босоногий,2.0
боязно,2.0
боязнь,2.0
боярин,2.0
боярский,2.0
бояться,1.0
бравый,2.0
брак,2.0
брань,2.0
браслет,2.0
брат,0.88606
братец,2.0
братик,2.0
братия,2.0
брать,1.09691
брачный,2.0
брежнев,1.52288
бренный,2.0
бригада,1.69897
бричкин,2.0
бродить,2.0
броднев,2.0
бродский,2.0
бродяга,1.69897
бродячий,2.0
бронников,0.00436
бросать,1.39794
бросаться,1.69897
бросить,1.1549
брудастый,2.0
брэдбрать,2.0
брюсов,2.0
бубновый,2.0
будить,2.0
будничный,2.0
будущее,1.30103
будущий,1.39794
буйно,2.0
буйный,2.0
буква,1.69897
буквально,1.52288
букет,2.0
булгаков,1.30103
бульб,2.0
бунин,0.74473
бунт,1.69897
бунтовать,1.69897
буратино,2.0
бурный,1.69897
бурчей,2.0
буря,1.52288
бусесть,2.0
буслович,2.0
бутылка,1.69897
бушевать,2.0
бывалый,2.0
бывать,1.09691
бывший,2.0
быков,2.0
былина,2.0
былой,2.0
быстро,1.0
быстрый,1.69897
быт,1.52288
бытие,2.0
бытовой,1.69897
быть,0.0655
бэла,1.69897
бякшева,2.0
вадим,2.0
важно,1.22185
важный,0.82391
ваза,2.0
вакула,1.52288
вакуль,1.30103
валек,1.69897
валентность,1.52288
валерий,1.52288
валька,1.69897
валёк,1.69897
ванька,2.0
варвар,2.0
варвара,1.52288
вардишвили,2.0
варенуха,2.0
вариант,0.82391
варламов,2.0
варя,2.0
василиевич,1.39794
василий,0.60206
василиса,2.0
васильев,1.69897
васнецов,2.0
васька,2.0
васютка,1.09691
васюткать,1.09691
васюткино,1.09691
вася,0.61979
ваш,1.69897
ввести,2.0
вводить,2.0
вглядываться,2.0
вдали,2.0
вдаль,2.0
вдвоём,2.0
вдобавок,1.69897
вдова,2.0
вдохновить,1.69897
вдохновлять,2.0
вдохновляться,2.0
вдруг,2.0
ведать,1.69897
ведение,2.0
ведущий,1.69897
ведьма,2.0
везти,2.0
век,0.82391
великий,0.88606
великодушие,1.69897
великодушный,2.0
великое,1.69897
великолепный,2.0
велита,2.0
величие,1.52288
велтистовый,2.0
венок,2.0
вера,1.1549
верейский,2.0
веретенников,2.0
веретено,2.0
верить,1.09691
верна,1.52288
вернер,2.0
верность,1.69897
вернуть,1.1549
вернуться,0.72125
верный,0.79588
вероника,1.69897
версия,1.69897
верующий,2.0
вершина,1.69897
вершить,2.0
вершковый,2.0
верёвка,2.0
веселие,1.69897
весело,1.52288
весельчак,2.0
весенний,1.39794
весна,1.1549
вести,1.09691
вестись,1.69897
весь,0.10237
весьма,1.69897
весёлый,1.09691
ветвь,2.0
ветер,1.69897
ветеран,2.0
ветка,2.0
веточка,2.0
ветхий,2.0
вечер,1.30103
вечером,1.69897
вечный,1.1549
вещество,1.0
вещий,1.52288
вещь,2.0
веять,2.0
взаимно,2.0
взаимный,2.0
взаимоотношение,1.30103
взаимоподдержка,2.0
взаимопомощь,2.0
взаимопонимание,2.0
взамен,2.0
взгляд,1.22185
взор,1.52288
взрастить,2.0
взрослеть,1.69897
взрослый,1.30103
взятка,2.0
взять,1.0
вивар,2.0
вид,0.85387
видение,2.0
видеть,0.67778
видеться,2.0
видимо,2.0
виднеться,2.0
видный,1.39794
визитный,2.0
визуальный,2.0
вий,2.0
виктор,1.1549
виктория,1.52288
вина,1.22185
винарчик,2.0
виновница,2.0
винчи,2.0
витать,2.0
витька,2.0
витязь,1.69897
вишнёвый,2.0
вклад,1.69897
включать,1.39794
включить,2.0
вкус,2.0
вкусно,2.0
вкусный,1.52288
владелец,2.0
владение,2.0
владимир,0.76955
владимирович,0.60206
владислав,1.52288
владычица,2.0
власов,2.0
власть,2.0
влияние,1.69897
влиять,1.52288
вложить,2.0
влюбить,1.1549
влюбиться,2.0
влюбляться,1.52288
влюблённость,2.0
вместе,0.69897
вмешиваться,2.0
внезапно,2.0
внеклассный,2.0
внемлет,2.0
внести,1.69897
внешне,2.0
внешний,1.09691
внешность,1.0
внимание,0.79588
внимательно,1.69897
внимательный,2.0
вновь,1.22185
внук,1.69897
внука,2.0
внутренний,0.76955
внутрисемейный,1.69897
внучатый,2.0
внучка,2.0
внушать,2.0
вобрать,2.0
вовек,2.0
вовсе,1.69897
вовченко,2.0
вода,1.04576
водород,1.69897
водоём,2.0
воевода,2.0
воедино,2.0
военный,1.09691
вожак,2.0
вождь,2.0
возвещать,2.0
возвратиться,2.0
возвращать,1.30103
возвращаться,0.95861
возвращение,1.30103
возвышенно,2.0
воздвигнуть,2.0
воздух,1.1549
возить,1.69897
возлагаться,2.0
возлюбить,1.1549
возможность,1.30103
возможный,1.69897
возникать,1.69897
возникновение,2.0
возникнуть,1.52288
возобладать,2.0
возраст,1.22185
возрастной,2.0
возрождение,2.0
воин,1.69897
война,0.63827
войско,1.52288
войти,0.0
воланд,2.0
волдаев,2.0
волевой,2.0
волк,1.52288
волков,1.52288
волнение,2.0
волновать,1.69897
волноваться,1.39794
волнующий,2.0
волос,1.39794
волосочев,0.00436
волошин,1.69897
волхв,1.69897
волчий,2.0
волчица,2.0
волчонок,2.0
волшебник,1.69897
волшебница,2.0
волшебный,0.88606
волшебство,1.52288
вольный,2.0
воля,1.22185
воображение,1.69897
вообще,2.0
воодушевить,2.0
воплотить,2.0
воплощать,2.0
воплощение,1.52288
вопрос,0.0
воробей,2.0
воровать,1.69897
ворон,2.0
воронин,2.0
ворчать,2.0
ворчливый,2.0
восемнадцатилетний,2.0
восемь,2.0
восклицание,2.0
воскресить,2.0
воскрешать,2.0
воспевание,2.0
воспевать,2.0
воспитание,1.69897
воспитанник,1.69897
воспитанный,1.39794
воспитательница,2.0
воспитать,1.69897
воспитывать,1.30103
воспитываться,1.69897
воспользоваться,2.0
воспоминание,1.09691
воспомнить,2.0
воспринимать,1.22185
восприниматься,1.52288
воспринять,2.0
восприятие,2.0
воспротивиться,2.0
воссоединяться,1.69897
восстановить,2.0
восток,2.0
восторг,1.52288
восхищать,2.0
восхищаться,2.0
восхищение,1.69897
восьмистишие,2.0
вояка,2.0
впадать,1.69897
впервые,0.95861
впереди,2.0
впечатление,1.22185
впечатлительный,1.69897
впечатлить,2.0
вписываться,2.0
впитать,2.0
впитывать,2.0
вплетать,2.0
вплоть,2.0
вполне,1.69897
впоследствии,1.69897
враг,1.69897
вражда,2.0
вражеский,2.0
вральман,2.0
вред,1.69897
временной,1.69897
время,0.20066
вронский,2.0
врываться,2.0
всадник,2.0
всеволод,2.0
всегда,0.45593
вселить,2.0
вселять,2.0
всемирный,2.0
всемогущий,2.0
всеобщий,0.0
всепобеждающий,2.0
вскакивать,2.0
вскоре,1.0
вспоминать,1.22185
вспомнить,1.69897
вспомогательный,1.52288
вспыльчивый,1.69897
вставать,2.0
встать,2.0
встретить,0.88606
встретиться,1.52288
встреча,1.1549
встречать,1.1549
встречаться,1.22185
вступать,0.00436
вступительный,1.52288
вступить,2.0
вступление,1.69897
всякий,2.0
всячески,1.1549
всяческий,1.69897
второе,2.0
второй,0.76955
второстепенный,0.65758
вуаль,2.0
вулич,2.0
вход,0.0
входить,1.39794
входящий,2.0
вы,0.85387
выбирать,1.39794
выбираться,2.0
выбиться,2.0
выбор,1.22185
выбрать,1.22185
выбраться,1.09691
вывести,2.0
вывод,2.0
выводить,2.0
выглядеть,1.1549
выгнать,2.0
выгода,2.0
выгодно,2.0
выдавать,1.69897
выдать,2.0
выдающийся,2.0
выделить,0.0
выделять,1.52288
выделяться,1.69897
выдерживать,1.52288
выдумать,2.0
выезжать,1.69897
выживание,1.30103
выживать,2.0
выжидать,2.0
выжить,0.92082
вызвать,1.30103
вызволять,2.0
выздоровление,2.0
вызов,1.52288
вызывать,1.09691
вызывающе,2.0
выйти,0.88606
выкрасть,2.0
выкуп,1.30103
выкупить,2.0
вылечить,2.0
вылиться,2.0
выложить,2.0
вымышленность,2.0
вынести,2.0
вынимать,2.0
выносить,2.0
вынудить,0.92082
вынужденно,2.0
вынужденный,1.69897
выпадать,2.0
выпасть,1.69897
выпечка,2.0
выпить,1.69897
выплатить,1.69897
выплачивать,2.0
выползать,1.69897
выполнить,1.39794
выполнять,0.95861
выпороть,2.0
выпускать,2.0
выпускник,2.0
выпустить,2.0
выражать,1.30103
выражаться,2.0
выражение,1.52288
выразитель,2.0
выразительно,2.0
выразительность,0.76955
выразительный,1.39794
выразить,1.39794
вырасти,1.30103
вырастить,1.69897
вырваться,1.69897
вырина,2.0
вырисовываться,2.0
выручать,2.0
выручка,2.0
высадить,2.0
высказать,1.69897
высказывание,1.69897
высказывать,2.0
высказываться,2.0
выслать,1.69897
выслушать,2.0
высмеивать,1.69897
высокий,0.4437
высоко,1.69897
высокомерно,2.0
высокомерный,2.0
высоконравственный,2.0
высота,2.0
высоцкий,1.69897
выстрел,2.0
выступать,1.39794
выступление,2.0
вытащить,1.69897
вытерпеть,2.0
выть,1.69897
вытягивать,2.0
выход,1.39794
выходить,1.30103
выходка,2.0
вычитание,2.0
выявить,2.0
выявлять,2.0
вьюга,2.0
вьющийся,2.0
г,2.0
гаврил,1.52288
гаврилин,1.1549
гадалин,2.0
гадкий,2.0
гаев,2.0
гайдар,1.69897
галактика,2.0
галерея,2.0
галина,1.39794
галоген,2.0
гамидов,2.0
гамлет,2.0
гамма,2.0
ганна,2.0
ганс,2.0
гармоничный,2.0
гармония,2.0
гвардейский,2.0
гвардия,2.0
гвидон,2.0
гвоздев,2.0
где,0.52288
геб,2.0
гек,2.0
гекльберри,1.69897
гектор,2.0
гелла,2.0
гель,1.69897
генерал,1.52288
генетика,1.52288
гений,1.52288
генри,2.0
географический,2.0
география,0.0
геометрический,2.0
геометрия,0.0
георгий,1.1549
герасим,0.95861
герасимов,2.0
герд,1.52288
геродот,2.0
героизм,2.0
героиня,1.22185
героический,1.39794
герой,0.04576
геройский,2.0
герцен,2.0
гибель,1.69897
гибнера,2.0
гидросфера,1.69897
гимн,1.69897
гипербола,2.0
гиперссылка,0.0
гирин,2.0
гитлер,2.0
глава,1.69897
главное,0.69897
главный,0.06048
глагол,1.22185
гладилин,2.0
гладить,1.69897
гладышев,2.0
глаз,0.95861
гласный,2.0
глашатай,2.0
глеб,2.0
гленарвать,2.0
глинка,1.69897
глубина,1.52288
глубокий,0.88606
глубоко,1.22185
глуповца,2.0
глупый,1.39794
глухарь,2.0
глухой,2.0
глухонемой,1.52288
глядеть,1.69897
гнуться,1.52288
говорить,0.65758
говорящий,1.39794
гоголевский,1.69897
гоголь,0.65758
год,0.18046
годовалый,2.0
годунов,2.0
голдинга,1.69897
голова,1.09691
головка,2.0
головлёв,2.0
головотяп,2.0
голод,2.0
голодный,1.69897
голос,1.39794
голубоглазый,2.0
голубой,0.69897
голубятников,2.0
голый,2.0
гомер,2.0
гомера,2.0
гончаров,1.30103
гора,0.50864
гораздо,1.52288
горбачёв,2.0
горделивый,2.0
гордиться,2.0
гордость,1.30103
гордый,1.30103
горе,1.39794
горесть,2.0
гореть,2.0
горный,2.0
горняк,2.0
город,1.0
городничий,2.0
городок,1.69897
городской,1.69897
горожанин,2.0
горький,0.92082
горько,1.52288
горьковенко,2.0
горячий,1.52288
господин,2.0
господский,1.69897
гостить,1.30103
гость,0.0
государственный,2.0
государство,1.52288
готовить,1.09691
готовиться,1.69897
готовый,0.85387
гофман,1.69897
град,2.0
градоначальник,2.0
градус,1.30103
гражданский,1.1549
грамота,0.92082
грамотно,2.0
грамотный,1.69897
гранатовый,2.0
грант,2.0
граф,2.0
грезить,2.0
грек,2.0
греметь,2.0
гремучий,2.0
греть,2.0
греться,2.0
греция,1.39794
греческий,2.0
грешневый,2.0
гриб,1.30103
грибной,2.0
грибоедов,2.0
грива,2.0
григорий,1.52288
григорьев,1.52288
гримм,2.0
грин,1.30103
гринёв,2.0
гриша,2.0
гроза,1.69897
гроздочка,2.0
гроздь,2.0
грозный,1.22185
гром,2.0
громадный,2.0
громко,2.0
гротеск,2.0
грохот,1.30103
грубить,2.0
грубость,2.0
грубый,1.69897
грудной,2.0
грузный,1.52288
группа,2.0
грустно,2.0
грустный,1.30103
грусть,1.69897
грушко,2.0
грушницкий,2.0
грядущий,1.69897
грясти,2.0
губерния,1.69897
губить,2.0
гувернёр,2.0
гульмира,2.0
гуляние,2.0
гулять,1.30103
гумилёв,1.52288
густой,1.52288
гюго,1.69897
гёте,2.0
давать,0.65758
даваться,1.1549
давлатбек,2.0
давление,1.69897
давний,1.69897
давно,1.69897
давыдов,2.0
дале,2.0
далее,1.52288
далеко,1.69897
далер,2.0
дальнейший,1.30103
дальний,1.69897
далья,2.0
далёкий,1.30103
дама,1.30103
даниил,1.30103
данил,1.52288
данилов,2.0
данияр,2.0
данко,2.0
данные,1.69897
данный,0.52288
данте,2.0
дантес,2.0
дар,1.39794
дарить,1.30103
дармовой,2.0
дарование,2.0
даром,2.0
дарья,0.88606
дата,1.69897
датский,2.0
дать,0.3098
даться,1.39794
дача,1.69897
даша,1.69897
два,0.58503
двадцатилетний,2.0
дважды,2.0
двенадцатилетний,1.69897
двенадцать,1.52288
двигаться,1.52288
двое,2.0
двоемирие,2.0
двойка,2.0
двойник,2.0
двойной,2.0
двор,1.39794
дворец,1.52288
дворецкий,2.0
дворник,1.22185
дворовый,1.52288
дворцовый,2.0
дворянский,1.30103
дворянство,2.0
двоюродный,1.69897
двустопный,2.0
девочка,0.95861
девушка,1.04576
дегтяренко,2.0
дед,1.30103
дедушка,1.30103
деепричастие,2.0
деепричастный,2.0
дежурить,2.0
действие,1.1549
действительно,0.95861
действительность,1.52288
действовать,1.22185
декабрь,2.0
декламировать,2.0
декоративный,2.0
делать,0.61979
делаться,2.0
деление,2.0
делить,2.0
делиться,0.85387
дело,1.04576
делывать,2.0
демоверсия,2.0
демонстрировать,1.22185
демонстрироваться,2.0
денежный,2.0
денис,2.0
денисов,1.52288
денисович,1.69897
день,0.5376
деньга,1.39794
департамент,2.0
деревенский,1.39794
деревня,1.1549
дерево,1.52288
державин,2.0
держать,0.92082
держаться,1.69897
дерзкий,1.52288
деспотизм,2.0
десятилетний,2.0
десять,1.30103
деталь,1.22185
детальный,2.0
детвора,1.69897
детский,1.22185
детство,0.61979
детёныш,2.0
дефис,1.69897
дефоржа,2.0
деятельность,1.69897
джесси,1.69897
джигит,2.0
джим,2.0
джо,2.0
джонни,2.0
джульетта,2.0
джунгли,2.0
диалог,2.0
диана,0.00436
дивный,1.69897
дивчина,2.0
дик,2.0
дикий,1.30103
диккенс,2.0
диляр,1.52288
дима,0.88606
дин,1.1549
дина,1.69897
динамичный,2.0
дипломатический,1.69897
директор,2.0
дичь,2.0
длинный,1.04576
длительный,2.0
длиться,1.69897
дмитриев,2.0
дмитриевич,2.0
дмитрий,1.1549
дневник,0.0
дневный,2.0
добавить,1.69897
добавлять,2.0
добиваться,1.69897
добиться,1.39794
доблестный,1.69897
доблесть,2.0
добраться,1.69897
добро,1.1549
добровольческий,2.0
добродетель,2.0
добродушный,2.0
доброжелательно,2.0
добролюбов,2.0
добросклон,2.0
добросклонов,2.0
доброта,0.85387
добрый,0.50864
добчинский,2.0
добывать,2.0
добыть,1.69897
довольно,1.1549
довольный,2.0
договориться,1.69897
дождь,1.69897
доказывать,2.0
доктор,2.0
документально,2.0
долг,0.82391
долгий,1.0
долго,1.69897
долговой,1.52288
долгожданный,1.39794
должный,0.74473
долохов,2.0
доля,1.39794
дом,0.50864
домашний,1.30103
домик,2.0
доминировать,2.0
домой,1.22185
домыслить,2.0
дон,1.69897
донести,1.69897
доносить,2.0
доноситься,1.69897
дополнительно,1.39794
дополнительный,0.37675
дополнять,1.69897
дополняться,1.52288
дориан,2.0
дорога,1.0
дорогой,1.52288
дорсет,2.0
дорсетта,2.0
доска,0.1549
доставать,2.0
доставаться,2.0
доставить,1.69897
достаточно,1.1549
достать,1.69897
достаться,1.69897
достигать,2.0
достигаться,1.69897
достигнутый,2.0
достоевский,0.85387
достоинство,1.22185
достойно,2.0
достойный,1.30103
дочка,1.39794
дочь,0.92082
драма,2.0
драматический,2.0
драматург,1.69897
драматургия,2.0
драться,2.0
древнегреческий,1.69897
древнерусский,2.0
древний,0.58503
дремучий,2.0
дрисколл,2.0
дробь,1.39794
дрова,2.0
дрожать,2.0
друбецкий,2.0
друг,0.55284
другой,0.48149
дружба,0.92082
дружелюбно,2.0
дружелюбный,2.0
дружеский,1.52288
дружный,2.0
дуб,2.0
дубинин,1.69897
дубровский,2.0
дума,2.0
думать,1.39794
дуня,2.0
дуняша,2.0
дурной,0.35655
дух,0.95861
духовный,1.1549
душа,0.85387
душевный,1.39794
душистый,1.52288
дуэль,2.0
дымка,2.0
дыня,2.0
дыхание,1.69897
дыхательный,2.0
дышать,1.52288
дьячок,1.69897
дэйзи,2.0
дядя,1.52288
евгений,1.09691
евдокия,2.0
евлашева,2.0
европа,1.39794
европейский,1.39794
егор,1.69897
егошин,2.0
егэ,0.0
еда,1.52288
едва,2.0
единение,1.69897
единовременный,2.0
единственный,1.09691
единство,2.0
единый,1.52288
ездить,1.69897
екатерина,0.92082
еле,2.0
елена,0.00436
елизавета,2.0
елисей,0.95861
енисей,2.0
енот,1.52288
епиходов,2.0
еркейый,2.0
ермил,2.0
ершалаимский,2.0
ершовый,2.0
есенин,0.46852
есенинский,2.0
естественный,1.69897
есть,0.00436
ехать,2.0
ещё,0.13077
жадный,1.52288
жажда,2.0
жалеть,2.0
жалить,2.0
жаловать,2.0
жаловаться,2.0
жалостливый,2.0
жанна,1.52288
жанр,0.61979
жанровый,1.69897
жарка,1.69897
жвалевский,2.0
ждать,1.04576
желание,1.04576
желать,1.39794
железников,2.0
железный,2.0
желтеть,1.39794
жена,1.1549
женить,1.52288
жениться,1.30103
женский,1.04576
женщина,1.22185
жертва,1.30103
жертвовать,2.0
жестокий,0.85387
жестоко,1.69897
жестокость,0.92082
жечь,2.0
живаго,2.0
живить,2.0
живой,0.85387
живописный,2.0
живот,2.0
животное,1.22185
животный,0.95861
жизненно,2.0
жизненный,0.85387
жизнерадостный,2.0
жизнь,0.20066
жилин,1.1549
житейский,2.0
житель,1.30103
жить,0.38722
жора,1.52288
жребий,2.0
жрец,2.0
жук,2.0
жуков,2.0
жуковский,1.39794
жулька,1.69897
журден,2.0
журнал,1.0
журчание,2.0
жучок,2.0
жюля,2.0
жёлтый,2.0
жёсткий,2.0
з,2.0
забава,2.0
забавный,1.69897
забирать,1.69897
забираться,2.0
забитый,2.0
забиться,2.0
заблудиться,1.52288
заболоцкий,1.69897
забота,1.39794
заботиться,1.22185
заботливо,2.0
заботливый,1.69897
забрать,1.69897
забросить,1.52288
забывать,1.52288
забыть,1.0
завалишин,2.0
заведение,2.0
завершать,1.69897
завершаться,2.0
завершить,0.00436
заветный,2.0
завидеть,2.0
завидовать,1.69897
зависеть,1.52288
зависимость,1.69897
завистливый,2.0
зависть,1.52288
завладеть,2.0
заводить,1.69897
завоевать,2.0
завтра,2.0
завывание,2.0
завязать,2.0
завязка,1.69897
завязываться,2.0
загадать,2.0
загадочный,2.0
заглавие,2.0
заглохнуть,2.0
заглядывать,2.0
загорелый,2.0
заготавливать,2.0
заграничный,2.0
загробный,2.0
загубить,2.0
задавать,1.69897
задание,1.39794
задеть,2.0
задолго,2.0
задор,2.0
задуматься,1.69897
задумчиво,2.0
задумчивый,2.0
задумываться,1.69897
заживо,2.0
зажиточный,1.69897
зазорно,2.0
заимствовать,2.0
зайнеев,2.0
зайти,2.0
закалить,2.0
заканчивать,2.0
заканчиваться,1.39794
закат,2.0
закиров,2.0
заключаться,1.0
заключить,1.69897
заковыристый,2.0
заколдованный,1.30103
закон,0.69897
закономерный,2.0
закончить,1.52288
закруткин,2.0
закрытый,2.0
закрыть,0.0
закрыться,1.69897
закутаться,2.0
залежь,2.0
залезать,2.0
заложить,2.0
заложник,2.0
залп,1.69897
заманивать,2.0
заменить,2.0
заменять,2.0
замерзать,2.0
замесова,2.0
заметить,1.39794
замечательный,1.39794
замечать,1.1549
замкнутость,2.0
замкнуться,1.69897
замок,1.39794
замораживать,2.0
заморозить,2.0
замуж,1.30103
замужество,2.0
замучить,2.0
замысел,1.39794
замятин,2.0
замёт,2.0
занимать,1.04576
заниматься,1.1549
заноза,2.0
заносчивость,2.0
занятие,1.30103
занятой,0.4318
занятый,2.0
занять,2.0
заняться,1.52288
западня,2.0
запас,1.69897
запах,1.69897
запереть,2.0
запираться,2.0
записка,1.69897
заплатить,1.69897
заплетать,2.0
запоздалый,2.0
заполучить,2.0
заполярный,2.0
запоминать,1.69897
запоминаться,1.52288
запомнить,2.0
запомниться,1.69897
запрет,2.0
запретить,2.0
запрячь,2.0
запуганный,1.69897
запустить,2.0
запятая,0.0
зарабатывать,0.00436
заработать,1.69897
заранее,1.69897
зарасти,2.0
зарезать,2.0
зарекомендовать,2.0
зарецкий,2.0
зарисовка,1.52288
заров,2.0
зародиться,2.0
зарождаться,2.0
зарубежный,1.1549
зарубка,2.0
заря,1.52288
заряд,2.0
засечка,2.0
заслуга,1.69897
заслуживать,1.69897
заслужить,1.69897
заслушаться,2.0
заслушиваться,2.0
заслышать,2.0
заснеженный,2.0
заснуть,2.0
заставить,1.69897
заставлять,1.09691
застать,2.0
застрелить,2.0
заступ,2.0
заступаться,1.69897
заступник,2.0
затаить,2.0
затевать,2.0
затейник,2.0
затем,1.30103
затея,2.0
заусайлов,2.0
зафиксировать,2.0
захаров,0.00436
захарович,2.0
захватывать,2.0
заходить,1.69897
захотеть,1.52288
зачаровать,2.0
зачастую,2.0
зачем,1.69897
зачесться,2.0
зашифровать,2.0
защита,1.22185
защитить,1.39794
защитник,1.52288
защищать,1.39794
заявлять,2.0
званый,2.0
звать,1.39794
звезда,1.69897
звенеть,2.0
зверь,1.69897
звон,2.0
звонкий,2.0
звук,1.22185
звукопись,2.0
звучание,1.52288
звучать,1.69897
звёздный,2.0
здесь,0.79588
здоровый,2.0
зеленоглазый,2.0
зелень,2.0
зеловый,2.0
зелёный,1.09691
земля,0.85387
земляника,2.0
земноводное,1.39794
земной,1.69897
зеркало,2.0
зима,1.39794
зимний,1.30103
зимовать,2.0
зимой,1.30103
зиночка,2.0
зинченко,2.0
злак,2.0
златокудрый,2.0
зло,1.04576
злоба,2.0
злобный,1.39794
злодей,1.69897
злой,0.95861
злопамятный,2.0
злость,2.0
злосчастный,2.0
злоумышленник,2.0
знак,1.39794
знакомить,2.0
знакомиться,1.52288
знакомство,2.0
знакомый,1.22185
знаменитый,1.1549
знаменовать,2.0
знание,0.72125
знатный,1.52288
знать,0.76955
значение,1.1549
значимость,1.69897
значительно,1.69897
значительный,1.69897
значиться,2.0
знойный,1.69897
золотить,2.0
золото,2.0
золотой,1.09691
зона,1.69897
зорко,2.0
зоря,1.39794
зрелый,1.69897
зрение,1.22185
зреть,2.0
зритель,1.52288
зрительный,1.69897
зря,2.0
зулпухара,2.0
зульфия,2.0
зыбиться,2.0
зырянов,1.69897
зёрнышко,2.0
иван,0.65758
иванов,1.30103
иванович,2.0
ивчик,2.0
игла,2.0
игорев,2.0
игорь,0.0
игра,1.52288
играть,0.82391
игривый,2.0
игрушка,1.52288
идеал,2.0
идеальный,2.0
идейный,1.69897
идея,0.76955
идиот,2.0
идти,0.95861
иешуа,2.0
избавить,1.69897
избавиться,1.39794
избавляться,1.69897
избаловать,1.69897
избегать,2.0
избежать,2.0
избирательный,2.0
избушка,2.0
известие,2.0
известно,1.69897
известный,0.85387
изгнанник,2.0
изгнать,2.0
изгой,2.0
издавать,2.0
издаваться,2.0
издатель,2.0
издать,2.0
издеваться,1.39794
изергиль,2.0
излагать,2.0
изложение,1.52288
излюбить,2.0
изменение,1.69897
изменить,1.39794
измениться,1.69897
изменять,2.0
измучить,2.0
изнанка,2.0
изнемогать,2.0
изобилие,2.0
изображать,1.39794
изображаться,2.0
изображение,2.0
изобразительный,2.0
изобразить,1.39794
изранить,2.0
изумрудный,1.52288
изучать,1.09691
изучаться,1.52288
изучение,2.0
изучить,2.0
изящный,1.69897
иллюстрация,2.0
ильин,1.30103
ильинский,2.0
ильич,2.0
ильсияр,2.0
ильф,2.0
илья,1.09691
илюша,2.0
имение,1.39794
именины,2.0
именной,2.0
иметь,0.4437
иметься,2.0
императорский,2.0
импонировать,2.0
имя,0.88606
иначе,1.39794
инвалид,2.0
инверсия,1.69897
индеец,2.0
индукция,2.0
индустриальный,2.0
инесса,2.0
инна,2.0
иногда,1.30103
иной,1.39794
иностранка,2.0
иностранный,2.0
инстинкт,1.69897
инструктор,2.0
инструмент,2.0
интерактивный,2.0
интерес,1.22185
интересно,1.69897
интересный,1.09691
интересовать,1.39794
интерпретировать,2.0
интерьер,2.0
информатика,0.0
информация,0.36653
инфраструктурный,2.0
ионович,2.0
иосиф,1.1549
ипполит,2.0
ирина,0.69897
ирония,2.0
исаковский,2.0
искажать,2.0
искание,2.0
искать,1.0
исключение,1.39794
ископаемое,1.69897
искренне,1.1549
искренний,1.22185
искромётный,2.0
искусно,2.0
искусный,2.0
искусственный,2.0
искусство,2.0
искушение,2.0
ислямов,1.52288
исмагулов,2.0
исполнить,1.39794
исполниться,2.0
исполнять,1.69897
использование,1.39794
использовать,0.58503
использоваться,1.1549
испортить,1.39794
исправить,2.0
исправлять,2.0
исправно,2.0
испуганный,2.0
испугать,2.0
испугаться,1.52288
испытание,1.22185
испытывать,1.22185
исследование,1.69897
исследователь,1.52288
исследовать,1.69897
истеричный,2.0
истина,2.0
истинно,2.0
истинный,1.1549
исторически,2.0
исторический,1.39794
история,0.0
источник,1.52288
истый,2.0
исцеление,2.0
исчезать,2.0
исчезнуть,2.0
итог,1.30103
итоговый,2.0
июль,2.0
йенний,2.0
каа,2.0
кабаниха,2.0
кабинет,0.0
каверин,1.69897
кавказ,1.30103
кавказский,1.1549
кадкина,2.0
каждый,0.46852
казак,1.69897
казаться,1.22185
казбич,2.0
кази,2.0
казновый,2.0
кай,1.52288
каков,1.52288
какой,0.14874
калашников,2.0
калевала,2.0
калинович,2.0
калиновский,2.0
калиновый,2.0
калюжный,1.52288
каменный,2.0
камень,2.0
каморка,2.0
камушек,1.69897
канада,1.69897
каникулы,1.69897
канкулов,1.69897
канон,1.69897
канун,2.0
капитан,0.48149
капитанский,2.0
капитанчук,1.69897
капитон,2.0
капля,1.52288
каприз,1.69897
капризный,1.69897
карамзин,2.0
каратаев,2.0
каратай,2.0
карать,2.0
караться,2.0
карауглан,1.1549
каренин,2.0
карета,2.0
карий,2.0
карикатурно,2.0
карл,2.0
карлик,2.0
карта,1.52288
картина,0.82391
картинка,2.0
касаться,2.0
касиянчук,1.1549
каскиновый,1.52288
каспер,2.0
катастрофически,2.0
кататься,1.69897
категория,0.49485
катерина,2.0
каторга,2.0
катрен,2.0
катя,1.69897
качай,2.0
качество,0.95861
каширин,2.0
кашкин,2.0
кашлевый,2.0
кедровый,1.69897
кекс,2.0
киев,2.0
киевский,1.69897
кино,0.88606
киплинг,1.52288
кира,1.69897
кирибеевич,2.0
кирилл,1.30103
кирсан,2.0
кирсанов,2.0
киселёв,1.52288
кислицин,2.0
кислород,1.69897
кислородсодержащий,2.0
кислота,2.0
кислотный,2.0
кисть,2.0
кихот,2.0
кишечнополостной,2.0
кладбищенский,2.0
кладезь,1.69897
кладовая,2.0
класс,0.0
классический,1.30103
клес,1.0
клетка,1.30103
клеточный,2.0
клик,2.0
клим,1.69897
климатический,2.0
кличка,1.22185
ключевой,2.0
книга,0.82391
книгопродавец,2.0
книжный,2.0
княгиня,1.69897
княжна,1.22185
князь,1.1549
коварный,1.39794
коготь,2.0
код,0.0
кожа,2.0
козни,1.30103
кой,1.52288
коктебель,2.0
колдовской,2.0
колдовство,2.0
колдун,1.69897
колдунья,2.0
колебание,2.0
колебать,2.0
колесов,2.0
количество,1.1549
коллективный,2.0
коллекция,2.0
колокол,2.0
колокольный,2.0
колорит,1.52288
колоритный,1.52288
колоть,1.69897
кольцевой,1.30103
кольцо,2.0
команда,0.0
командир,2.0
командный,2.0
командовать,2.0
комаров,1.22185
комедия,0.85387
комиссар,2.0
комический,2.0
комната,1.69897
компанейский,0.30103
комплекс,1.1549
композитор,2.0
композиционно,2.0
композиционный,1.52288
композиция,0.65758
кондратьев,1.22185
конец,1.09691
конечный,1.69897
конкурс,0.00436
конский,2.0
константин,2.0
константиновый,2.0
конституционный,1.52288
конституция,2.0
конструкция,2.0
контакт,0.0
контекст,2.0
контрабандист,2.0
контраст,1.52288
контрастировать,2.0
контрастность,2.0
контрольный,2.0
контрреформа,2.0
конфиденциальность,0.0
конфликт,2.0
кончина,2.0
конь,1.69897
координата,2.0
копал,2.0
копейкин,2.0
копилка,2.0
копирование,0.0
копылов,2.0
корабль,1.69897
корени,2.0
корень,0.0
корзина,2.0
коричневый,2.0
кормить,1.30103
коробочка,2.0
коровьев,2.0
королева,1.52288
королевский,2.0
королевство,2.0
короленко,0.4318
король,1.69897
коротенький,2.0
короткий,1.69897
коррупция,2.0
коршун,2.0
коршунов,2.0
корыстный,2.0
коса,2.0
косолапов,2.0
костик,2.0
костин,2.0
косточка,2.0
костылина,1.1549
костёр,1.52288
кот,2.0
который,0.03621
котёл,2.0
кофе,2.0
кошев,2.0
кошка,2.0
кощеев,2.0
кощей,2.0
кравченко,1.52288
край,1.52288
крайне,2.0
крайний,2.0
красавец,2.0
красавица,1.0
красиво,1.39794
красивый,0.67778
красить,2.0
краска,2.0
красногорский,2.0
красный,1.52288
красота,0.95861
красочно,1.69897
красочный,1.69897
краткий,0.0
кратко,0.49485
краткость,2.0
крах,2.0
кремнистый,2.0
крепкий,1.39794
крепко,2.0
крепостной,1.04576
крестьянин,1.1549
крестьянский,1.52288
кривоносов,2.0
кризис,2.0
крииск,2.0
крик,1.52288
кристиан,2.0
кристина,0.00436
критика,1.69897
критический,1.52288
кровавый,1.69897
кровать,1.69897
кровный,2.0
кровь,2.0
кролик,2.0
круг,1.69897
круглый,2.0
кругозор,2.0
кругосветный,2.0
кружиться,1.69897
крупица,2.0
крупный,1.52288
круто,2.0
крутой,0.50864
крушение,2.0
крыжовник,2.0
крылатый,2.0
крылов,2.0
крым,2.0
крымский,2.0
крыться,2.0
крыша,1.69897
ксения,2.0
ксеня,1.1549
кто,0.5376
кувалдина,2.0
кувшин,2.0
кудри,2.0
кудрявцев,1.69897
кудряш,2.0
кузина,2.0
кузнец,1.52288
кузнецов,1.30103
кузубов,1.69897
кузьмин,1.0
кузьмич,2.0
кукла,1.30103
куклин,1.22185
куковать,2.0
кукольный,2.0
кукушка,1.69897
кулигин,2.0
куликов,1.69897
кульминационный,1.69897
кульминация,2.0
купаться,1.69897
купец,1.04576
купеческий,2.0
купить,2.0
куприн,1.69897
курагин,2.0
курагина,2.0
курапира,2.0
курица,1.69897
курс,2.0
кусака,2.0
кусок,2.0
куст,2.0
кутейкин,2.0
кутлеева,1.69897
кутузов,2.0
куципалов,1.0
куча,2.0
кучмина,0.60206
кэрролл,2.0
лавровский,2.0
ладья,1.69897
лазить,2.0
лазуренко,2.0
лазурь,2.0
лай,2.0
лаконичный,2.0
лалаять,2.0
ланцетник,2.0
лапа,2.0
ларин,2.0
лариса,0.0
ларра,2.0
ласкать,1.69897
ласковый,1.69897
латинский,1.69897
латышковы,2.0
лачужка,2.0
лаять,2.0
лебедев,1.69897
лебедь,2.0
лебезятников,2.0
лев,1.39794
левий,2.0
левитан,2.0
левко,2.0
левонтий,2.0
левша,2.0
легенда,1.1549
легендарный,2.0
легко,1.1549
ледяной,1.69897
лежать,1.09691
лежук,2.0
лексика,2.0
лена,1.69897
ленивый,1.69897
ленин,2.0
ленский,2.0
лень,1.69897
леонардо,2.0
леонид,1.22185
лепесток,2.0
лепить,2.0
лепёшка,2.0
лера,1.0
лермонтов,0.33724
лермонтовский,2.0
лес,0.88606
лесков,1.30103
лесной,1.22185
летать,1.69897
лететь,1.69897
летний,1.30103
лето,1.30103
летучий,1.52288
лечь,1.30103
лиана,2.0
лидер,2.0
лидий,2.0
лидия,2.0
лиза,1.69897
лизавета,2.0
лизоблюд,2.0
ликомыл,1.0
лилия,2.0
лиля,2.0
лина,1.52288
линейность,2.0
линейный,2.0
линия,2.0
лирика,1.1549
лирический,0.63827
лиричность,2.0
лист,1.39794
листопадничка,2.0
литвин,2.0
литвиненко,2.0
литератор,1.69897
литература,0.0
литературный,0.95861
литературовед,2.0
литосфера,1.69897
лить,2.0
лиходеев,2.0
лихой,1.52288
лицеист,2.0
лицей,2.0
лицейный,2.0
лицейский,1.52288
лицемерный,2.0
лицо,0.95861
личность,1.30103
личный,1.1549
лишать,2.0
лишить,1.52288
лишиться,1.52288
лишний,2.0
лов,1.69897
ловить,1.39794
ловкий,2.0
ловля,2.0
логический,2.0
логичный,2.0
лодка,2.0
лодыжкина,2.0
ложиться,2.0
ложный,1.69897
ломакин,2.0
ломить,2.0
ломоносов,2.0
лондон,1.69897
лопахин,2.0
лопухин,2.0
лорд,2.0
лошадиный,2.0
лошадь,1.69897
луг,1.69897
лужин,2.0
лука,2.0
лукавый,2.0
лукич,2.0
луна,2.0
луч,1.69897
лучик,2.0
львович,1.52288
льдинка,2.0
любим,1.69897
любимица,1.69897
любимый,0.5376
любитель,1.69897
любить,0.31876
любоваться,2.0
любовный,1.30103
любовь,0.67778
любознательный,1.39794
любой,0.76955
любопытный,0.88606
любопытство,1.69897
любящий,2.0
людмила,0.92082
люто,1.69897
лютый,1.69897
лягушка,2.0
лялина,2.0
лёгкий,1.1549
лёгкость,1.69897
лётчик,2.0
м,2.0
магазин,2.0
магибр,2.0
магический,2.0
магия,2.0
мадалий,2.0
май,1.69897
майкова,2.0
майор,2.0
майский,1.52288
майя,2.0
макар,1.52288
макбет,1.69897
макеев,2.0
макс,1.30103
максим,0.95861
максимально,1.30103
максимальный,2.0
максимилиан,1.69897
максимович,1.22185
макушка,2.0
малахит,2.0
малахитовый,1.69897
маленький,0.58503
мало,1.69897
малообразованный,2.0
малый,1.69897
малыш,1.69897
малышок,2.0
мальбек,2.0
мальчик,0.60206
мальчиков,1.52288
мальчишка,1.1549
мальчуган,2.0
мама,1.39794
мамай,2.0
маматхан,2.0
мамут,1.0
мандельштам,1.69897
манера,1.69897
манилов,2.0
манин,1.69897
манить,2.0
мановение,2.0
марат,1.69897
марать,2.0
маргарита,1.39794
марданян,1.69897
марианна,2.0
марина,0.82391
мария,0.0
марк,0.88606
мармелад,2.0
мармеладовый,2.0
маруся,1.30103
марфуза,1.52288
маршак,2.0
марья,1.69897
маска,2.0
массив,2.0
мастер,1.39794
мастерить,2.0
мастерски,2.0
мастерство,1.52288
масштаб,2.0
масштабность,2.0
матвей,1.69897
математик,0.0
математика,1.69897
материал,0.0
материк,2.0
материнский,2.0
матерой,2.0
матрос,2.0
матрёна,2.0
матрёнин,2.0
мать,0.74473
мауголь,1.69897
махнуть,2.0
маша,2.0
машинский,2.0
маяковский,2.0
медаль,2.0
медведица,2.0
медведь,2.0
медвежий,2.0
медицинский,2.0
медленно,2.0
медлительность,2.0
медный,0.40894
медь,2.0
межличностный,2.0
мезонин,2.0
мейоз,2.0
мелех,2.0
мелехов,2.0
мелить,2.0
мелкий,1.52288
мельник,2.0
мельница,2.0
менделеев,2.0
менее,1.69897
менять,1.52288
меняться,2.0
мера,2.0
мересьев,2.0
мерзавец,2.0
мери,1.22185
мерило,2.0
мерим,1.52288
мероприятие,2.0
местный,1.69897
место,0.65758
местоимение,1.22185
местонахождение,2.0
местоположение,2.0
месть,2.0
месяц,1.22185
метафора,0.79588
метафорически,2.0
метафорический,2.0
метель,1.69897
метр,2.0
мечта,1.30103
мечтание,2.0
мечтатель,2.0
мечтательный,1.52288
мечтать,1.22185
мешать,1.22185
мешок,2.0
мещанин,2.0
миг,2.0
милон,2.0
милосердие,1.69897
милосердный,2.0
милый,0.82391
миляуш,2.0
минзи,2.0
министр,2.0
минкаил,2.0
минус,1.69897
минута,0.09691
мир,0.0
мирный,2.0
мировой,0.67778
миронов,2.0
мироощущение,2.0
мирослав,1.1549
мирославва,1.52288
миска,2.0
мистический,1.52288
митоз,1.69897
митраша,2.0
митрофан,2.0
митрофанушка,2.0
митька,2.0
мифический,2.0
михаил,1.22185
михаилович,1.69897
михайло,1.52288
михайлов,2.0
михайловский,2.0
миша,1.69897
мишенька,2.0
младенчество,2.0
младший,1.04576
мнение,1.22185
мнимый,2.0
мнить,2.0
многие,1.09691
многий,0.95861
много,0.50864
многогранность,2.0
многое,1.1549
многолетний,2.0
многообразие,2.0
многоугольник,2.0
многочисленный,1.52288
множество,1.09691
могарыч,2.0
могила,2.0
могильный,2.0
модель,2.0
можно,0.45593
мозг,2.0
мой,0.65758
мокеева,1.22185
мокина,2.0
мокнуть,2.0
молекулярный,2.0
молиться,1.69897
моллюск,1.69897
молния,2.0
молодой,0.58503
молодость,1.39794
молоко,2.0
молча,2.0
молчалин,2.0
мольер,2.0
момент,0.76955
монархический,2.0
монастырь,2.0
монгольский,2.0
монолог,1.39794
монументальный,2.0
морально,1.69897
моральный,1.69897
мордяхина,2.0
море,1.30103
мореплаватель,2.0
морозка,2.0
морозко,1.69897
морской,2.0
морфологический,0.0
моряк,2.0
москва,1.30103
москвитин,1.69897
москвич,2.0
московский,1.69897
мотив,1.52288
мотивировать,2.0
мох,1.69897
моцарт,2.0
мочевыделительный,2.0
мочь,0.30103
мошенник,2.0
мощь,1.52288
мрачный,1.52288
мстительный,1.52288
мугамед,2.0
мудро,2.0
мудрость,1.52288
мудрый,1.22185
муж,1.52288
мужественно,1.52288
мужественность,2.0
мужественный,1.52288
мужество,2.0
мужик,1.39794
мужской,1.09691
мужчина,0.95861
музыкальный,2.0
музыкант,1.69897
мум,0.95861
муромец,2.0
мурчать,2.0
мусоргский,2.0
мухаметшин,1.52288
мучительный,1.52288
мучить,2.0
мценский,1.69897
мцыри,2.0
мы,0.0
мысленный,2.0
мыслить,1.69897
мысль,0.63827
мышкин,2.0
мышление,2.0
мышь,2.0
мэри,2.0
мягкий,2.0
мягкость,2.0
мякоть,2.0
мёртвый,1.39794
н,1.30103
набег,1.39794
набегаться,2.0
наблюдатель,1.69897
наблюдать,1.30103
наблюдаться,1.69897
наблюдение,2.0
набожность,2.0
набрать,2.0
набраться,2.0
наброситься,2.0
навевать,2.0
наверняка,2.0
навещать,1.69897
навигация,2.0
нависнуть,2.0
навлекать,2.0
наводить,1.69897
навредить,2.0
навсегда,1.04576
навстречу,2.0
навык,2.0
навязывать,2.0
наглый,2.0
наглядно,2.0
нагой,2.0
награда,2.0
наградить,1.52288
награждать,2.0
надежда,0.5376
наделать,2.0
наделить,1.52288
наделять,2.0
надеть,1.39794
надеяться,1.22185
надзор,2.0
надо,1.39794
надолго,2.0
наедине,2.0
назад,0.00436
назаров,2.0
название,1.22185
названый,1.69897
назвать,0.76955
назимов,1.52288
называть,1.04576
называться,1.69897
наиболее,1.39794
наизусть,2.0
наиль,2.0
наина,2.0
найти,0.76955
наказ,1.69897
наказание,1.69897
наказать,1.52288
наказывать,1.39794
накал,2.0
накануне,2.0
наклонить,2.0
накопить,2.0
накопиться,2.0
накормить,2.0
наличие,1.69897
наложница,2.0
налюбоваться,2.0
намекать,2.0
намеренно,2.0
намеренный,2.0
намного,1.39794
намолоть,2.0
намёк,2.0
нанимать,2.0
наоборот,2.0
нападать,1.69897
напакостить,2.0
напарник,2.0
напасть,1.69897
напечатать,1.39794
написание,0.74473
написать,0.0
наплевать,1.52288
наполеон,1.69897
наполнение,2.0
наполнить,1.0
наполнять,2.0
напоминать,1.39794
напор,2.0
напоследок,1.69897
направить,1.22185
направиться,2.0
направление,1.69897
направляться,1.69897
напрямую,2.0
нарвал,2.0
наречие,1.52288
наречённый,2.0
нарисовать,1.30103
наркоз,2.0
народ,1.1549
народный,0.82391
нарочитый,2.0
нарушать,1.52288
нарушение,2.0
нарушить,2.0
наряд,1.69897
нарядный,1.69897
наряду,1.69897
наряжать,1.69897
наседкина,2.0
насекомое,1.0
насильно,2.0
насколько,1.39794
наслаждаться,1.69897
наслаждение,2.0
наследие,2.0
наследство,2.0
насретдинов,2.0
наставить,2.0
наставление,2.0
настасья,1.69897
настенёк,1.69897
настигнуть,2.0
настолько,1.52288
настороженно,2.0
настоять,2.0
настоящий,0.40894
настроение,1.1549
настроить,2.0
наступать,1.39794
наступить,1.69897
наступление,1.52288
настя,0.0
насыров,2.0
насытить,2.0
насыщенный,1.52288
наталия,1.69897
наталкивать,2.0
наталья,0.95861
наташа,2.0
натиск,2.0
наткнуться,1.69897
натуральный,1.69897
натюрморт,2.0
наука,1.52288
наумов,2.0
научить,1.39794
научиться,1.1549
научный,2.0
наущение,2.0
находить,0.95861
находиться,0.69897
находчивость,2.0
нахождение,1.69897
национальный,1.69897
начало,0.85387
начальник,2.0
начальный,2.0
начать,0.11351
начаться,1.52288
начинать,1.0
начинаться,1.04576
начинающий,2.0
наш,0.20066
нашествие,1.52288
небесный,1.52288
неблагодарный,2.0
небо,1.69897
небогатый,2.0
небольшой,0.82391
небылица,2.0
невероятно,1.39794
невероятный,2.0
невесело,2.0
невеста,1.52288
невестка,2.0
невесёлый,1.69897
невзгода,1.69897
невзлюбить,2.0
невидимый,1.69897
невинный,1.69897
невнимание,2.0
невозможно,1.52288
невозможность,2.0
невозможный,2.0
невольный,2.0
неволя,1.69897
невредимый,1.69897
невский,2.0
нега,1.69897
негативный,1.52288
неглупый,2.0
недалеко,1.69897
недаром,1.30103
неделя,0.00436
недовольный,2.0
недолго,2.0
недолюбливать,2.0
недоросль,2.0
недостаток,1.52288
недостижимый,2.0
недра,2.0
недуг,2.0
недюжий,2.0
недюжинный,1.52288
нежно,1.69897
нежность,2.0
нежный,1.52288
независимо,2.0
незадолго,1.69897
незаменимый,2.0
незамысловатый,2.0
незатейливый,1.69897
неземной,1.69897
незнакомец,2.0
незнакомый,2.0
неизбежно,2.0
неизбежный,1.69897
неизведанный,1.69897
неизвестный,1.30103
неизменно,2.0
неизменный,2.0
неизученный,2.0
неинтересный,2.0
неиссякаемый,2.0
неисчерпаемый,2.0
некогда,2.0
некого,2.0
некоторый,1.04576
некрасивый,2.0
некрасов,1.04576
неласковый,2.0
нельзя,1.09691
нелюдимый,1.39794
немало,1.52288
немедленно,1.69897
неметалл,2.0
немецкий,1.69897
неминуемый,2.0
немка,2.0
немногие,2.0
немного,1.39794
немножко,2.0
немой,0.92082
немытый,1.39794
ненавидеть,2.0
ненавистный,1.69897
ненависть,1.69897
ненавязчивый,2.0
ненароком,2.0
необитаемый,2.0
необходимо,1.39794
необходимость,1.39794
необходимый,1.09691
необъятный,2.0
необыкновенный,1.69897
необычность,2.0
необычный,1.69897
неоднозначность,2.0
неожиданно,1.30103
неоконченный,2.0
непередаваемый,2.0
непереходный,2.0
неплохой,2.0
неповторимый,1.52288
неподалёку,2.0
неподготовленный,2.0
неподдающийся,2.0
неподдельный,1.69897
непокорный,2.0
неполный,2.0
непомерный,2.0
непонимание,2.0
непонятный,1.69897
непослушный,2.0
непосредственный,1.52288
неправильный,2.0
непременно,2.0
непривычный,2.0
неприглядность,2.0
неприглядный,1.69897
непринуждённость,2.0
непроизносимый,2.0
неравнодушный,1.52288
неравный,2.0
нерадивость,2.0
неразлучный,2.0
неразрывно,2.0
нераспространённый,2.0
нервный,2.0
нередко,2.0
неретина,1.69897
нерчинский,2.0
несказанно,2.0
несколько,0.63827
нескоро,2.0
нескрываемый,2.0
неслучайно,2.0
несметный,2.0
неспешный,2.0
неспособный,2.0
нестеров,2.0
нести,0.95861
нестись,2.0
нестрелять,2.0
несчастливый,2.0
несчастный,2.0
нет,0.85387
нетерпеливый,0.4437
неточный,2.0
нетрудно,2.0
неудачный,2.0
неукротимый,2.0
неуловимый,2.0
неумелый,2.0
неунывающий,2.0
неусидчивый,2.0
неуёмный,2.0
нечего,2.0
нечеловеческий,2.0
нечистый,1.52288
нигде,2.0
нигилист,2.0
нижникова,0.00436
низкий,2.0
низменный,2.0
низовье,2.0
низость,2.0
ник,2.0
никак,1.69897
никакой,1.0
никанор,2.0
никита,0.95861
никитин,1.69897
никогда,0.79588
николаев,2.0
николаевич,0.00436
николай,0.88606
николенька,2.0
никольский,1.69897
никоноров,2.0
никто,0.92082
нисколько,2.0
нить,1.69897
ничего,1.04576
ничто,2.0
нищета,1.69897
нищий,1.39794
нн,1.30103
новиков,1.52288
новость,1.69897
новый,0.0
новь,2.0
нога,1.1549
нож,2.0
ноздрево,2.0
номер,1.69897
ноон,2.0
нормальный,1.69897
нос,2.0
носить,1.30103
ностальгировать,2.0
ностальгический,2.0
ностальгия,2.0
ночевать,2.0
ночной,1.52288
ночь,0.88606
ночью,1.52288
нрав,1.69897
нравиться,1.0
нравственно,2.0
нравственный,0.76955
нтр,1.52288
нуждаться,1.69897
нужно,0.65758
нужный,1.52288
нутро,2.0
нынешний,1.69897
нэп,1.39794
няня,1.52288
оба,1.69897
обаяние,2.0
обвиваться,2.0
обед,2.0
обеднеть,2.0
обездолить,2.0
обезьянка,2.0
оберегать,1.69897
обеспечение,2.0
обеспечивать,2.0
обеспечить,1.69897
обещание,1.69897
обещать,1.39794
обида,2.0
обидеть,1.69897
обидеться,2.0
обилие,2.0
обитание,1.39794
обитатель,1.52288
обитать,2.0
обитель,2.0
обладать,0.92082
облако,2.0
облачный,2.0
облегчить,2.0
облезлый,2.0
облетать,2.0
облизывать,2.0
облик,2.0
обличать,2.0
облокотить,2.0
обломов,2.0
обломовщина,2.0
обман,2.0
обманный,2.0
обмануть,1.52288
обманчивый,2.0
обманщик,2.0
обманывать,1.69897
обморозить,2.0
обнаружить,1.69897
обновить,0.72125
обновление,1.69897
обнять,2.0
обобщать,2.0
обожать,2.0
обоз,2.0
обойти,2.0
оболочка,2.0
оборванец,2.0
оборвать,1.69897
оборонять,2.0
образ,0.29243
образец,1.30103
образность,1.69897
образный,2.0
образовак,0.0
образование,1.30103
образовать,2.0
обрамлять,2.0
обратиться,2.0
обратно,2.0
обратный,2.0
обращать,1.30103
обращаться,1.1549
обращение,1.22185
обрести,1.30103
обретать,1.69897
обречь,1.69897
обрисовать,2.0
обрисовка,2.0
обронить,2.0
обруч,2.0
обстановка,2.0
обстоятельство,1.69897
обсуждать,1.69897
обусловить,2.0
обустроить,2.0
обучать,1.69897
обучение,1.52288
обходить,1.69897
обходиться,2.0
общаться,2.0
общение,0.00436
общественный,0.88606
общество,1.1549
обществознание,0.0
общечеловеческий,2.0
общий,0.0
общительный,2.0
объединение,2.0
объединить,2.0
объединиться,2.0
объединять,1.52288
объездить,2.0
объект,2.0
объемлет,1.39794
объявить,2.0
объясняться,2.0
объём,2.0
объёмный,2.0
обыденный,2.0
обычно,1.69897
обычный,1.1549
обязанность,1.69897
обязательно,1.52288
обязательный,2.0
овощ,2.0
овчинников,2.0
огонь,1.69897
огромный,0.79588
огудалов,2.0
ода,1.69897
одаривать,1.69897
одарить,1.52288
одарённый,2.0
одевать,1.69897
одеваться,2.0
одежда,2.0
оделить,2.0
одерживать,2.0
одетый,1.69897
одеться,2.0
один,0.25181
одинаковый,1.69897
одиннадцатилетний,2.0
одиннадцать,2.0
одинокий,1.30103
одиноко,1.69897
одиночество,2.0
одинцов,2.0
однажды,1.30103
одновременно,1.69897
однозначный,2.0
одноимённый,1.52288
одноклассница,2.0
одноклеточный,2.0
односложный,2.0
односоставной,1.52288
одночастный,1.52288
одночлен,1.69897
одолевать,2.0
одолеть,1.69897
оживать,2.0
оживить,2.0
оживление,2.0
ожидание,2.0
ожидать,2.0
озеро,1.09691
озеров,2.0
озлобить,1.69897
ознакомиться,0.72125
озорник,2.0
озорной,1.69897
озёрный,2.0
оказать,1.69897
оказаться,0.65758
оказывать,1.52288
оказываться,1.0
оканчивать,2.0
океан,1.39794
океания,2.0
окно,1.39794
окова,2.0
окончание,1.30103
окончательно,1.69897
окончательный,2.0
окошко,1.69897
окрас,2.0
окраска,2.0
окрашиваться,2.0
окрестность,1.69897
окровавленный,2.0
округление,1.69897
окружать,1.69897
окружающие,1.69897
окружающий,0.0
окружение,1.69897
окружный,1.69897
оксана,0.00436
октябрь,1.69897
олег,1.39794
олеся,2.0
олеша,1.69897
олицетворение,1.0
олицетворять,1.39794
олоть,2.0
ольга,1.09691
ома,1.52288
омут,1.52288
омыть,2.0
он,0.0
она,0.14874
онегин,2.0
они,0.13077
онлайн,2.0
оно,0.74473
оноре,2.0
онтогенез,2.0
опадать,2.0
опасаться,2.0
опасность,1.69897
опасный,1.39794
опека,2.0
опекать,2.0
опекун,2.0
операция,2.0
описание,0.3279
описательный,2.0
описать,0.85387
описывать,0.76955
описываться,0.88606
опостылеть,2.0
оправдание,2.0
определение,1.69897
определить,1.30103
определиться,2.0
определять,1.69897
определяться,2.0
определённый,1.22185
опричник,2.0
опровергнуть,2.0
опрятный,2.0
опубликовать,1.39794
опускать,1.52288
опустеть,2.0
опустить,2.0
опуститься,2.0
опушка,2.0
опыт,0.52288
опытный,2.0
оранжевый,2.0
орган,0.92082
организация,1.69897
организм,1.69897
организоваться,2.0
организовывать,2.0
органический,2.0
органоид,2.0
орех,1.39794
оригинально,2.0
оригинальный,0.95861
ориентация,2.0
ориентироваться,2.0
орудие,1.69897
оружие,2.0
оруэлл,1.52288
орфографический,0.0
освещать,1.69897
освободить,2.0
освобождать,2.0
освобождаться,2.0
освобождение,1.52288
освоить,2.0
освященность,2.0
осенний,1.69897
осень,1.04576
осип,2.0
осипович,2.0
осиротелый,2.0
осколок,1.69897
оскорбить,2.0
оскорблять,2.0
ослабить,2.0
ослушаться,1.69897
осмысление,2.0
основа,1.09691
основание,2.0
основать,1.0
основное,1.52288
основной,0.88606
основный,0.74473
основываться,2.0
особенно,1.39794
особенность,1.09691
особенный,1.22185
особо,2.0
особый,0.92082
осознание,1.69897
осознанный,2.0
осознать,1.69897
оставаться,0.88606
оставить,0.82391
оставлять,1.30103
остальной,1.30103
останавливаться,2.0
останки,2.0
остановиться,1.69897
остап,2.0
остаться,0.79588
остин,1.69897
осторожно,2.0
осторожный,2.0
остро,1.69897
остров,1.69897
островок,2.0
островский,1.30103
острый,1.52288
осуждать,2.0
осуществить,1.52288
осуществляться,2.0
осянин,2.0
отбор,2.0
отвага,1.39794
отваживаться,2.0
отважно,2.0
отважный,1.09691
отвергнуть,2.0
отвести,1.52288
ответ,0.46852
ответный,1.69897
ответственно,2.0
ответственность,1.30103
ответственный,2.0
отвечать,0.00436
отвлекать,2.0
отвлечь,2.0
отвлечься,2.0
отводить,2.0
отголосок,2.0
отгонять,1.69897
отдавать,1.30103
отдаваться,2.0
отдать,1.09691
отдельный,1.22185
отделять,1.69897
отдохнуть,2.0
отдых,1.69897
отдыхать,1.69897
отец,0.58503
отечественный,1.09691
отечество,1.69897
отзыв,1.69897
отзываться,2.0
отзывчивый,1.39794
отказ,2.0
отказаться,1.30103
отказывать,2.0
отказываться,1.22185
отклик,2.0
откровенно,2.0
откровенный,2.0
открывать,1.52288
открываться,1.69897
открытие,2.0
открытый,1.52288
откуда,2.0
отличать,1.39794
отличаться,0.72125
отличие,1.39794
отличительный,1.52288
отличить,1.0
отличный,1.30103
отметить,1.69897
отмечать,1.52288
отнестись,1.52288
относиться,0.63827
отношение,0.63827
отныне,2.0
отображение,1.69897
отобразить,2.0
отобразиться,1.69897
отобрать,2.0
отогнать,2.0
отозваться,2.0
отомстить,2.0
отпеть,2.0
отправить,1.1549
отправиться,1.09691
отправлять,1.30103
отправляться,0.92082
отпугивать,2.0
отпуск,2.0
отпускать,1.69897
отрада,2.0
отрадное,2.0
отражать,2.0
отражение,2.0
отражённый,1.69897
отразить,1.69897
отразиться,1.52288
отрасль,2.0
отрезать,2.0
отрешаться,2.0
отрешиться,2.0
отрицательный,1.09691
отрубить,2.0
отрывать,2.0
отставка,1.69897
отставной,2.0
отстранить,2.0
отступить,2.0
отступление,2.0
отсутствие,1.39794
отсутствовать,2.0
отсылка,1.69897
оттенять,2.0
оттуда,2.0
отхлестать,2.0
отходчивый,2.0
отцовский,1.52288
отчий,2.0
отчётливо,2.0
отъявленный,2.0
отыскать,1.52288
офицер,1.39794
охватывать,1.30103
охота,1.69897
охотиться,2.0
охотник,1.69897
охранять,1.69897
охт,2.0
оценивать,1.39794
оцениваться,2.0
оценить,1.69897
оценка,0.50864
очарование,2.0
очаровательный,2.0
очаровать,2.0
очевидец,1.69897
очевидный,2.0
очень,0.02228
очередной,2.0
очередь,1.39794
очерк,0.0
очерковый,2.0
очернить,2.0
очистить,2.0
очищаться,1.69897
ошеломительный,2.0
ошибка,2.0
ощипывать,2.0
ощутить,1.52288
ощущать,1.69897
ощущаться,1.52288
ощущение,1.30103
павел,0.85387
павлик,2.0
павлович,2.0
павлуша,2.0
падеж,2.0
падение,2.0
палата,1.69897
палка,2.0
палочка,2.0
палуба,2.0
пальча,1.22185
памятник,2.0
память,1.52288
пан,2.0
паниковать,1.69897
панически,2.0
панк,1.69897
панкова,2.0
панкрат,2.0
панночка,2.0
пансионат,2.0
папа,1.69897
папоротник,2.0
пара,1.69897
парадное,2.0
параллелизм,2.0
параллель,2.0
параллельный,1.52288
парень,1.52288
париж,2.0
парка,2.0
партизанский,2.0
парус,2.0
пасечник,2.0
пасмурный,2.0
пастернак,1.69897
пасть,1.69897
патриотизм,1.52288
патриотический,1.52288
патрон,1.69897
патронаж,2.0
паустовский,1.69897
пафосный,2.0
пахарь,2.0
пахнуть,2.0
пация,2.0
пашук,2.0
певец,2.0
певица,2.0
пейзаж,1.30103
пейзажный,1.09691
пение,2.0
первый,0.4437
пергаев,2.0
перевезти,1.69897
перевозчик,2.0
перевоплощаться,2.0
переворачивать,2.0
переворот,2.0
перегрызать,2.0
передавать,1.1549
передать,1.1549
передача,1.30103
переделывать,2.0
передний,2.0
передовой,1.69897
переезжать,2.0
переехать,2.0
переживание,1.69897
переживать,1.0
пережитое,2.0
пережить,1.39794
перезвон,2.0
перейти,1.52288
перекладывать,1.69897
перекликаться,1.52288
переключиться,2.0
перекрестить,2.0
перекрёстный,0.85387
перемена,1.69897
переменчивый,2.0
перемещаться,2.0
перенаправлять,2.0
перенести,2.0
переносить,1.69897
переноситься,2.0
переносный,2.0
перенять,2.0
переосмысливать,2.0
переписать,2.0
переписка,1.69897
переписывать,1.69897
переплести,2.0
переплетать,2.0
переплетаться,2.0
переселяться,2.0
пересказ,1.0
переставать,1.39794
перестать,1.69897
переступать,2.0
переход,1.69897
переходный,2.0
перечислить,2.0
перечислять,1.69897
период,0.92082
периодизация,1.69897
периодический,1.69897
перпендикулярный,2.0
перро,1.30103
персидский,2.0
персона,1.69897
персонаж,0.48149
песня,1.39794
пестрить,2.0
петербург,1.52288
петербургский,1.52288
петров,1.69897
петрович,1.22185
петрухин,1.69897
петь,1.39794
петя,2.0
печаль,1.69897
печально,2.0
печальный,1.22185
печать,1.69897
печорин,2.0
печь,2.0
пешком,1.69897
пивовар,2.0
пик,2.0
пиковый,1.69897
пилат,2.0
пиминовый,2.0
пимкина,2.0
пир,2.0
пиратский,2.0
пиррихий,1.69897
писатель,0.79588
писательница,2.0
писать,0.61979
писаться,0.4437
письменный,2.0
письмо,0.88606
питание,1.69897
питаться,2.0
питерский,2.0
питомец,2.0
пифагор,2.0
пишущий,2.0
пища,2.0
пищеварение,1.39794
пищеварительный,1.52288
пищевой,2.0
плакать,2.0
план,0.04576
планета,2.0
пластово,1.69897
плата,2.0
платить,1.69897
платов,2.0
платон,2.0
платонов,1.0
платье,1.52288
плачущий,2.0
плед,2.0
племя,2.0
племянник,2.0
плен,1.22185
пленительный,2.0
пленить,2.0
пленник,1.1549
плестись,2.0
плечо,1.52288
плещеев,0.72125
плодотворный,1.69897
плоский,1.69897
плотицин,2.0
плотников,2.0
плотный,1.69897
плохо,1.39794
плохой,1.69897
плутовка,2.0
плюс,1.69897
плюшкина,2.0
плясать,2.0
побаиваться,1.69897
побег,1.22185
победа,1.39794
победитель,2.0
победить,1.69897
побеждать,1.30103
поблагодарить,2.0
побороться,2.0
побояться,1.39794
побывать,2.0
повадка,2.0
поведение,1.04576
повелитель,2.0
поверить,2.0
повернуть,2.0
поверье,2.0
повеса,2.0
повествование,0.85387
повествователь,2.0
повествовательный,2.0
повествовать,1.52288
повести,2.0
повесть,0.74473
повзрослеть,2.0
повиноваться,2.0
повлиять,1.69897
повод,1.30103
поволжский,2.0
поволжье,2.0
повредить,1.69897
повстречать,2.0
повстречаться,2.0
повсюду,2.0
повтор,2.0
повторение,1.69897
повторить,2.0
повторять,1.69897
повышенный,2.0
повязать,2.0
погибать,1.69897
погибнуть,1.52288
погладить,1.69897
поглотить,2.0
погнаться,1.69897
поговорить,2.0
поговорка,2.0
погода,1.39794
погорельский,1.69897
погрести,2.0
погружать,2.0
погрузить,2.0
погубить,2.0
подавать,2.0
подарить,1.69897
подарок,1.52288
подать,1.69897
подача,2.0
подвал,2.0
подвергать,1.69897
подвергаться,1.69897
подвиг,1.1549
подвижный,2.0
подводить,2.0
подготовить,0.5376
подготовиться,1.69897
подготовка,0.65758
подгруппа,2.0
поддаваться,1.52288
поддать,2.0
поддаться,2.0
поддержать,1.69897
поддерживать,1.52288
поддержка,2.0
поделиться,1.69897
подземелье,1.52288
подземный,1.39794
подкармливать,1.39794
подлежащее,1.69897
подленький,2.0
подлинный,2.0
подло,2.0
подлость,2.0
подлый,1.39794
подмечать,1.69897
подневольный,2.0
поднимать,1.52288
поднять,1.39794
подняться,2.0
подобие,1.69897
подобный,1.52288
подобострастно,2.0
подобрать,1.69897
подойти,1.39794
подолгу,2.0
подписать,2.0
подпись,2.0
подпускать,1.52288
подрабатывать,2.0
подразумевать,2.0
подразумеваться,2.0
подробно,2.0
подробность,2.0
подробный,0.95861
подросток,1.69897
подружиться,1.69897
подружка,1.69897
подряд,1.69897
подсказывать,2.0
подспорье,2.0
подставить,2.0
подставлять,2.0
подстрелить,1.69897
подтверждать,2.0
подтверждение,1.69897
подтекст,2.0
подтолкнуть,2.0
подходить,1.69897
подходящий,2.0
подчеркнуть,1.69897
подчинение,2.0
подчинительный,2.0
подчинить,1.69897
подчиниться,1.39794
подчиняться,1.39794
подчинённый,1.69897
подчёркивать,1.22185
подчёркиваться,1.69897
подшутить,2.0
поездка,1.69897
поесть,2.0
поехать,1.69897
пожалеть,1.52288
пожар,1.39794
пожелание,2.0
пожелтеть,2.0
пожилое,2.0
пожилой,1.30103
поза,2.0
позабыть,1.52288
позариться,2.0
позвать,1.69897
позволить,1.04576
позволять,0.74473
поздний,1.22185
поздно,1.69897
позитивный,1.69897
позиция,1.69897
познавать,2.0
познакомиться,1.30103
познать,2.0
поиграть,2.0
поиск,1.0
поисковый,2.0
поймать,1.52288
пойти,0.95861
пока,1.04576
показ,2.0
показать,0.76955
показаться,2.0
показывать,0.76955
показываться,2.0
покидать,1.30103
покинутый,2.0
покинуть,1.52288
покладистый,2.0
поклонник,2.0
поклоняться,2.0
покой,1.52288
покойный,2.0
поколачивать,2.0
поколение,1.22185
покоритель,2.0
покормить,2.0
покоряться,2.0
покрывать,2.0
покрытосеменной,1.52288
покупной,2.0
полдник,2.0
поле,1.09691
полевой,1.30103
полезно,2.0
полезный,0.38722
ползти,2.0
полилог,2.0
полина,1.52288
политик,2.0
политика,0.0
политический,2.0
полка,1.22185
полковник,1.52288
полли,2.0
полно,1.69897
полностью,0.4437
полнота,2.0
полноценный,2.0
полный,0.0
половина,2.0
положение,1.09691
положительно,2.0
положительный,0.88606
положить,2.0
положиться,2.0
полозов,2.0
полонский,2.0
полтава,2.0
полтора,2.0
полуденный,2.0
полумаска,2.0
полупрозрачный,2.0
получать,1.09691
получаться,2.0
получение,0.95861
получить,0.40894
получиться,1.52288
польза,1.52288
пользовательский,0.0
пользоваться,1.1549
полюбить,2.0
полюс,2.0
поляна,2.0
полянка,1.69897
поместить,2.0
поместье,1.69897
помечтать,2.0
помещаться,2.0
помещик,1.69897
помещичий,2.0
помнить,1.04576
помогать,0.58503
помочь,0.00436
помощник,0.0
помощница,2.0
помощь,0.60206
помчаться,2.0
помыть,2.0
поначалу,2.0
понедельник,2.0
поникнуть,2.0
понимание,1.22185
понимать,1.30103
понравиться,1.52288
понтия,2.0
пончик,2.0
понятие,2.0
понятно,2.0
понятный,1.39794
понять,0.79588
пообщаться,2.0
попадать,1.39794
попасть,0.14267
попасться,2.0
поплавать,2.0
поплакать,2.0
попов,1.09691
попробовать,2.0
попросить,1.69897
попрощаться,2.0
популярность,2.0
популярный,0.13077
популяция,2.0
попусту,1.69897
попутешествовать,2.0
попутка,2.0
попытать,2.0
попытаться,2.0
попытка,1.69897
пора,1.1549
порадовать,2.0
поражать,1.52288
поражаться,2.0
поражение,2.0
поразить,1.69897
поразиться,2.0
порвать,1.69897
порезвиться,2.0
порина,2.0
порка,2.0
породистый,2.0
порой,1.39794
порок,1.69897
порою,1.69897
портрет,1.09691
портретный,2.0
портянка,2.0
поручать,2.0
поручение,2.0
порфененко,1.52288
порфирий,2.0
порхун,1.52288
порционный,2.0
порядок,1.39794
порядочный,2.0
посвятить,0.95861
посвящать,1.52288
поселить,2.0
поселиться,1.69897
посетитель,2.0
посетить,2.0
посещать,2.0
посещение,2.0
послать,2.0
последний,0.0
последовательно,1.30103
последовать,2.0
последующий,2.0
послужить,1.52288
послушаться,2.0
посмеиваться,2.0
посмеяться,1.69897
посмотреть,1.1549
поспешить,2.0
поставить,0.5376
постараться,2.0
постель,2.0
постепенно,1.39794
постоянно,1.0
постоянный,1.39794
постоять,1.69897
пострадать,2.0
построить,1.1549
поступать,1.52288
поступить,1.52288
поступок,0.92082
поступь,2.0
постучаться,2.0
посчитать,1.69897
посылать,1.69897
потакание,2.0
потапов,2.0
потемнеть,2.0
потерпеть,1.52288
потеря,1.69897
потерянный,1.52288
потерять,1.39794
потеряться,2.0
потешать,2.0
потешный,2.0
потом,1.22185
потому,0.88606
потребитель,2.0
потребовать,2.0
потрясать,2.0
потрясение,2.0
потускнеть,2.0
потусторонний,2.0
потчевать,2.0
поучительный,1.52288
поучиться,2.0
похвала,2.0
похититель,2.0
похитить,1.52288
похищать,1.69897
похищение,2.0
поход,1.30103
похождение,2.0
похоже,2.0
похожий,1.39794
поцелуй,2.0
почва,1.39794
почему,0.76955
почесть,2.0
починить,2.0
почитатель,2.0
почитать,2.0
почтенный,2.0
почти,1.04576
почтительный,2.0
почтовый,2.0
почувствовать,1.52288
пошептаться,2.0
пошить,2.0
пошутить,2.0
пощадить,2.0
поэзия,2.0
поэма,1.04576
поэт,0.60206
поэтесса,2.0
поэтический,1.09691
поэтому,0.55284
появиться,1.1549
появление,2.0
появляться,1.1549
пра,2.0
прабабушка,2.0
правда,1.69897
правдин,2.0
правило,1.69897
правильно,1.1549
правильный,2.0
правитель,1.69897
правительница,2.0
править,1.69897
правление,1.09691
право,1.1549
правовой,2.0
правоохранительный,2.0
правописание,2.0
православие,2.0
православный,2.0
праздник,1.69897
праздноваться,2.0
практика,2.0
практически,1.69897
практичный,2.0
прачка,1.69897
пребывание,1.39794
пребывать,2.0
превозмогать,2.0
превосходство,1.69897
превратить,2.0
превратиться,1.09691
превращать,2.0
превращаться,1.09691
превращение,2.0
превышать,2.0
превыше,2.0
преграда,1.52288
предавать,2.0
предаваться,2.0
преданность,1.39794
преданный,2.0
предательство,1.69897
предать,1.09691
предвещать,2.0
предвидеть,2.0
предвкушение,2.0
предел,1.39794
предлагать,0.79588
предлагаться,2.0
предложение,1.04576
предложить,1.39794
предмет,0.0
предназначить,1.69897
предоставить,2.0
предоставляться,2.0
предостерегать,2.0
предполагать,1.30103
предпоследний,1.52288
предпосылка,2.0
предпочесть,2.0
предпринимательский,2.0
предпринимать,2.0
предрекать,2.0
предречь,2.0
предсказание,1.69897
предсказать,2.0
предсказывать,2.0
предсмертный,2.0
представать,1.22185
представитель,1.30103
представительница,2.0
представить,1.04576
представление,2.0
представлять,1.09691
представляться,2.0
предстоящий,2.0
предупредить,2.0
предупреждать,2.0
предусмотрительно,2.0
предчувствие,1.69897
прежний,1.39794
презентация,0.0
преклонный,2.0
преклоняться,2.0
прекрасно,1.69897
прекрасный,0.72125
прекратить,1.69897
прекратиться,2.0
прекращать,2.0
прелесть,1.69897
премьера,2.0
пренебрегать,2.0
пренебрежение,2.0
преобладать,1.69897
преображение,2.0
преображенский,2.0
преодолевать,1.69897
преодоление,2.0
преодолеть,1.30103
препинание,2.0
преподаватель,1.69897
преподавать,1.69897
препятствие,1.52288
пресмыкаться,1.69897
преступление,2.0
прибегать,1.69897
прибегнуть,2.0
прибежать,1.39794
прибирать,1.69897
приближать,2.0
приближение,2.0
приблизить,2.0
прибывать,2.0
привезти,1.1549
привести,0.88606
приветствовать,2.0
привлекать,1.52288
привлечь,1.39794
приводить,1.52288
привозить,1.69897
привыкнуть,1.1549
привычка,1.52288
привычный,1.52288
привязанность,1.39794
привязать,1.52288
привязаться,1.69897
привязывать,2.0
привязываться,1.69897
привязь,1.69897
пригласить,1.69897
приглядывать,2.0
приговор,2.0
пригодиться,1.39794
приготовить,2.0
придавать,1.22185
придание,1.69897
придать,1.69897
придерживаться,2.0
придумать,2.0
придумывать,1.39794
приезд,1.69897
приехать,1.52288
прижаться,2.0
призвание,2.0
призвать,1.69897
призма,2.0
признаваться,1.69897
признак,1.30103
признание,1.52288
признать,1.69897
призыв,2.0
призывать,2.0
прийти,0.69897
прийтись,0.85387
приказ,1.30103
приказание,1.69897
приказать,1.09691
приказчик,1.69897
приказывать,1.22185
приключаться,2.0
приключение,1.04576
приключенческий,2.0
приключиться,2.0
приковать,2.0
прикоснуться,1.69897
прилавок,2.0
прилагательное,1.30103
прилететь,1.69897
прилив,2.0
применение,2.0
применить,2.0
применять,2.0
пример,0.82391
примерить,2.0
примерно,2.0
принадлежать,1.22185
принакрыться,2.0
принести,1.0
принимать,0.95861
приниматься,1.69897
приносить,0.85387
принц,1.39794
принцесса,1.52288
принцип,1.52288
принципиальный,1.69897
принятие,2.0
принять,1.09691
приобрести,1.52288
приобретатель,2.0
приобретать,1.69897
приоритет,1.69897
приоткрыть,2.0
приподнять,1.69897
природа,0.56864
природный,0.79588
приручить,2.0
присесть,1.69897
прислать,0.00436
прислужник,2.0
прислушаться,2.0
прислушиваться,1.69897
приставка,2.0
приставкин,1.52288
приступать,2.0
приступить,2.0
присутствие,2.0
присутствовать,1.69897
присущий,1.69897
присылать,2.0
приучать,1.69897
приход,1.52288
приходить,1.04576
приходиться,1.09691
прихоть,1.30103
причалить,2.0
причастие,0.92082
причастный,1.30103
причина,1.04576
причинить,1.69897
причинять,1.52288
приютить,1.69897
приятель,1.69897
приятный,1.39794
приём,1.30103
приёмный,1.69897
проанализировать,2.0
пробить,2.0
проблема,1.22185
проблематика,1.39794
пробудить,2.0
пробуждать,1.52288
пробуждаться,1.69897
пробуждение,1.52288
проваливаться,2.0
проведение,2.0
проверка,2.0
проверочный,0.0
проверять,1.69897
провести,1.39794
провидец,2.0
проводить,0.95861
проводник,2.0
прогнать,1.69897
прогонять,1.69897
программа,1.69897
программист,2.0
прогрессия,1.39794
продавать,2.0
продать,1.39794
продвигаться,2.0
проделка,2.0
продемонстрировать,1.39794
продлиться,2.0
продовольственный,2.0
продовольствие,2.0
продолжать,1.39794
продолжаться,1.69897
продолжение,2.0
продолжить,1.52288
продукт,2.0
проект,0.0
прожить,1.52288
проза,2.0
прозаический,1.69897
прозвище,1.69897
прозвучать,2.0
прозрачный,2.0
проиграть,2.0
произведение,0.0
производная,2.0
произойти,1.22185
происходить,0.82391
происхождение,1.39794
происшествие,2.0
пройти,0.11351
прокормить,2.0
прокофьев,1.69897
пролетать,1.69897
проливать,2.0
промахнуться,2.0
промедление,2.0
промежуток,2.0
промокод,1.0
промышленность,1.39794
промёрзлый,2.0
пронзительно,2.0
пронизать,1.69897
проникновение,2.0
проноситься,2.0
прообраз,1.69897
пропажа,1.69897
пропасть,1.39794
прописной,1.69897
пропитать,2.0
проплывать,2.0
пропойца,2.0
пророчество,2.0
просвечиваться,2.0
просить,1.0
проситься,2.0
проскуренко,0.00436
прославить,1.69897
прославляться,2.0
прослеживаться,2.0
проснуться,1.52288
проспать,2.0
проспект,2.0
проспереть,2.0
простак,2.0
простаков,2.0
простейшее,2.0
простить,2.0
проститься,1.69897
простой,0.65758
просторечный,2.0
простота,1.39794
пространство,2.0
проступать,2.0
просчитывать,2.0
просыпаться,2.0
просьба,1.30103
протест,2.0
противник,2.0
противный,1.69897
противодействие,2.0
противоположность,2.0
противоположный,1.69897
противопоставить,2.0
противопоставление,1.30103
противопоставляться,1.52288
противоречивость,2.0
противоречивый,2.0
противоречить,2.0
противостоять,1.39794
прототип,1.39794
проточный,2.0
протяжение,1.22185
протяжный,2.0
профессия,2.0
профессор,0.69897
проходить,1.30103
прохоренко,2.0
прохоров,2.0
процесс,1.30103
прочесть,2.0
прочитать,1.30103
прочтение,0.76955
прочь,2.0
прошедшее,1.69897
прошлое,1.39794
прошлый,1.69897
прощальный,2.0
прощание,1.69897
прощать,2.0
прощаться,1.39794
прощение,2.0
проявить,1.52288
проявиться,1.69897
проявление,2.0
проявлять,1.39794
проявляться,1.39794
прямо,2.0
прямой,1.22185
прямолинейность,2.0
прямолинейный,1.52288
прятать,1.69897
прятаться,1.69897
псевдоним,2.0
психологический,2.0
птица,1.22185
публика,1.52288
публикация,1.52288
публиковать,2.0
публицистический,2.0
пугать,1.69897
пугаться,2.0
пугачёв,2.0
пугачёвский,2.0
пудель,2.0
пускаться,1.69897
пуститься,2.0
пустой,2.0
пустыня,2.0
путешественник,2.0
путешествие,1.39794
путешествовать,1.69897
путин,2.0
путник,1.69897
путь,0.82391
пуфф,2.0
пух,2.0
пушистый,1.52288
пушка,2.0
пушкин,0.60206
пушкинский,2.0
пчельник,2.0
пшеницын,2.0
пылкий,2.0
пыль,1.69897
пытаться,0.88606
пытливый,2.0
пышный,1.69897
пьер,2.0
пьеса,1.69897
пьяница,1.69897
пьяный,2.0
пятиглавый,2.0
пятистопный,2.0
пятно,1.69897
пятый,2.0
пять,1.39794
пёс,2.0
пёсик,2.0
пётр,1.04576
раб,2.0
работа,0.40894
работать,0.85387
работница,2.0
рабочий,2.0
рабский,2.0
равнина,1.69897
равнобедренный,1.69897
равнодушный,1.52288
равноправный,2.0
равный,2.0
рад,1.69897
рада,1.52288
раджабов,2.0
радищев,2.0
радовать,2.0
радоваться,1.22185
радостно,2.0
радостный,1.52288
радость,0.56864
раентовый,2.0
раз,0.85387
разбить,2.0
разбойник,2.0
разбойница,1.69897
разбор,0.0
разбудить,2.0
развалины,2.0
развернуть,1.52288
развеселить,2.0
развести,1.69897
развеять,2.0
развивать,1.69897
развиваться,1.69897
развивающийся,2.0
развитие,1.22185
развлечение,2.0
разводить,2.0
развязка,1.69897
разгар,1.69897
разгневать,1.69897
разговаривать,1.52288
разговор,1.22185
разговорный,2.0
разгореться,2.0
разграбить,2.0
раздаваться,2.0
разделение,2.0
разделить,1.1549
разделяться,2.0
раздобыть,2.0
раздолбить,2.0
раздумье,1.69897
разжигать,2.0
разлетаться,2.0
разливаться,2.0
различие,1.69897
различный,0.74473
разложить,2.0
разлука,2.0
разлучать,1.69897
разлучаться,2.0
разлюбить,2.0
размер,0.74473
размножение,0.88606
размытый,1.69897
размышление,1.69897
размышлять,2.0
разновидность,2.0
разновидный,2.0
разноликий,2.0
разнообразие,1.69897
разнообразный,1.39794
разносить,2.0
разностопный,2.0
разный,0.55284
разоблачение,2.0
разобраться,1.52288
разозлить,2.0
разочарование,2.0
разрезать,2.0
разрешать,2.0
разрешаться,0.0
разрешение,2.0
разрешить,1.69897
разрушать,2.0
разрушить,1.69897
разумихин,2.0
разыграться,2.0
разыгрывать,2.0
район,1.30103
районный,2.0
райсман,1.52288
рамазан,1.22185
рамил,2.0
рамка,2.0
раневский,2.0
ранее,1.69897
ранение,2.0
раненый,1.69897
ранимый,2.0
ранить,1.52288
ранний,0.95861
рано,1.52288
раскольник,2.0
раскольников,2.0
раскрашивать,2.0
раскрывать,1.04576
раскрываться,1.52288
раскрытие,1.04576
раскрытый,1.69897
раскрыть,1.52288
расписывать,2.0
расплакаться,2.0
располагать,1.69897
расположение,1.52288
расположить,2.0
распоряжаться,1.69897
расправиться,1.69897
распределить,2.0
распространение,2.0
распространить,2.0
распространиться,2.0
распрощаться,2.0
распутин,2.0
рассердить,2.0
рассказ,0.3279
рассказать,1.0
рассказчик,1.30103
рассказывать,0.65758
рассказываться,1.69897
рассматривать,1.52288
рассматриваться,2.0
рассмотрение,1.30103
рассмотреть,0.61979
расставание,1.69897
расставаться,2.0
расстаться,1.39794
расстроить,2.0
рассудительно,2.0
рассудительность,1.69897
рассудительный,1.52288
рассуждать,1.39794
рассуждение,2.0
рассчитывать,1.39794
растапливать,1.69897
растекаться,2.0
растение,1.0
растерзание,2.0
расти,1.09691
растительный,2.0
растить,2.0
расул,1.22185
расходовать,1.69897
расцениваться,2.0
расширить,2.0
расширять,1.69897
ратмир,2.0
ратновый,1.52288
ратный,2.0
рафик,2.0
рахимбай,2.0
рахманинов,2.0
рационально,2.0
рациональный,0.4437
реакция,1.69897
реализация,2.0
реализовать,2.0
реализоваться,2.0
реалистичность,2.0
реалистичный,2.0
реально,2.0
реальность,1.39794
реальный,1.09691
ребята,1.39794
ребятишки,1.69897
ребячий,2.0
ребёнок,0.72125
ревизор,2.0
ревность,1.69897
революция,1.30103
регион,2.0
регистрация,0.0
регулярно,2.0
редкий,1.69897
редко,1.39794
редколлегия,2.0
резвиться,2.0
резкий,2.0
результат,0.00436
рейтинг,0.00436
река,1.52288
рекомендовать,0.85387
религиозность,2.0
религиозный,1.69897
религия,1.69897
рельеф,2.0
ремарк,2.0
ремарка,2.0
ремесло,2.0
репетиловый,2.0
республика,2.0
речевой,1.69897
речка,1.69897
речной,1.69897
речь,0.92082
решать,1.22185
решающий,2.0
решение,1.22185
решетников,1.69897
решительный,1.52288
решить,1.0
решиться,1.69897
рид,2.0
рина,2.0
рисковать,2.0
рисовать,1.39794
рисоваться,1.69897
рисунок,2.0
рита,2.0
ритмика,2.0
ритмический,2.0
риторический,1.69897
рифкат,2.0
рифма,1.1549
рифмовка,1.09691
робкий,1.52288
рогатый,2.0
рогдать,2.0
рогожина,2.0
род,1.30103
родарить,2.0
родимый,1.69897
родина,0.95861
родионович,2.0
родитель,1.1549
родительница,2.0
родительский,1.52288
родить,1.69897
родиться,1.09691
родный,0.60206
родовой,2.0
родственник,2.0
рождать,1.69897
рождаться,2.0
рождение,1.09691
рождество,1.30103
рожь,1.69897
роза,0.95861
розно,2.0
розовый,1.09691
роковой,2.0
роль,1.04576
рома,2.0
роман,1.04576
романтизм,2.0
романтический,1.30103
романтично,2.0
романтичный,2.0
ромашин,2.0
ромео,2.0
роптать,2.0
российский,1.22185
россия,0.0
рост,1.39794
ростов,2.0
ростовый,2.0
росчерк,2.0
роща,1.69897
ррар,1.52288
рубаха,2.0
рубашка,2.0
рубцов,2.0
ругать,1.69897
рудый,2.0
ружьё,1.39794
рука,0.95861
рукав,1.69897
руководитель,2.0
руководить,1.69897
рукопашный,1.69897
рукопись,2.0
румянцев,2.0
рупор,2.0
русалка,2.0
русалочка,2.0
руслан,1.39794
руслана,1.69897
русский,0.0
русь,0.5376
ручей,2.0
рф,2.0
рыба,1.39794
рыбак,1.30103
рыбалко,2.0
рыбацкий,1.69897
рыжий,2.0
рыцарь,2.0
ряд,1.1549
рядом,0.92082
рязанский,2.0
ряска,2.0
савелий,2.0
савельич,2.0
савенко,2.0
савинцев,2.0
сад,1.69897
садиться,2.0
садко,2.0
сажать,2.0
сазонов,2.0
сайбель,0.00436
сайт,0.0
сайтханов,1.69897
сакс,2.0
салтана,2.0
сальери,2.0
сам,0.33724
самобытный,1.69897
самодуров,0.00436
самойлов,2.0
самоотверженный,1.69897
самооценка,2.0
самопожертвование,2.0
самостоятельный,1.39794
самоубийство,2.0
самочувствие,2.0
самсон,2.0
самсонов,2.0
самый,0.0
самышкин,2.0
сандижан,2.0
санников,1.52288
сапог,2.0
сарайкин,1.1549
сатира,1.69897
сатирический,1.69897
саша,1.52288
сбавлять,2.0
сбежать,1.52288
сбить,1.69897
сбиться,2.0
сближать,2.0
сблизиться,2.0
сбор,1.69897
сборник,0.0
сбываться,2.0
свадьба,1.69897
сведение,1.39794
свежий,1.52288
свернуть,2.0
сверхъестественный,2.0
свершиться,2.0
свет,1.0
светить,2.0
светиться,2.0
светкин,2.0
светлана,1.0
светловолосый,2.0
светлый,1.0
светский,1.52288
светящийся,2.0
свечка,2.0
свидание,2.0
свидетель,1.39794
свидетельство,2.0
свидетельствовать,1.52288
свидригайлов,2.0
свита,2.0
свобода,1.09691
свободный,1.09691
свод,2.0
сводить,2.0
сводный,2.0
своенравный,1.69897
своеобразие,1.69897
своеобразный,1.52288
свой,0.03621
свойственный,1.52288
свойство,1.30103
связанный,1.22185
связать,0.72125
связывать,2.0
связь,1.30103
святой,2.0
святорусский,2.0
священник,2.0
сгладить,2.0
сгрызть,2.0
сдавать,2.0
сдаваться,1.39794
сдать,2.0
сдаться,2.0
сделать,0.63827
сделаться,2.0
сдержать,2.0
сдерживать,1.52288
себя,0.20761
север,1.52288
северный,1.30103
севиль,1.39794
сегодня,2.0
сегодняшний,1.69897
седлать,2.0
сей,1.30103
сейчас,1.39794
секрет,1.52288
секунда,0.00436
село,1.69897
сельский,1.30103
семейкин,2.0
семейство,1.69897
семечко,2.0
семистрофный,2.0
семь,1.69897
семья,0.69897
семёнов,2.0
сентиментализм,2.0
сентябрь,2.0
сервантес,2.0
сервис,2.0
сергеев,2.0
сергеевич,0.95861
сергей,0.00436
сердечный,1.69897
сердитый,2.0
сердиться,2.0
сердце,0.74473
серебряков,2.0
серебряный,2.0
серный,2.0
серов,2.0
сертакова,1.52288
серый,1.22185
серьёзно,2.0
серьёзный,2.0
серёжа,2.0
сессия,2.0
сестра,1.1549
сеттаров,2.0
сеча,2.0
сечин,2.0
сеятель,2.0
сжатый,2.0
сжать,2.0
сжечь,1.52288
сжиматься,2.0
сибирский,2.0
сид,1.69897
сидеть,1.09691
сидоров,2.0
сидр,2.0
сидя,2.0
сие,2.0
сизый,2.0
сила,0.55284
силач,2.0
сильно,1.1549
сильный,0.55284
симановый,2.0
символ,1.09691
символизировать,2.0
символика,2.0
символически,1.69897
символический,1.69897
символичный,2.0
симонов,2.0
симоново,1.30103
симпатия,2.0
симулина,2.0
синекдоха,2.0
синий,1.30103
синоним,2.0
синтаксический,1.69897
синь,2.0
сирень,2.0
сирота,2.0
сирченко,2.0
система,0.82391
систематический,1.52288
ситниковый,2.0
ситуация,1.69897
сияние,2.0
сказ,1.69897
сказать,1.09691
сказаться,2.0
сказка,0.67778
сказочник,2.0
сказочный,1.30103
скакова,1.69897
скалиться,2.0
скалозуб,2.0
скачать,2.0
сквозной,1.69897
скинуть,2.0
скитаться,1.69897
складываться,1.69897
склонение,2.0
сколько,1.69897
скоро,1.52288
скоропостижно,2.0
скорый,1.69897
скот,2.0
скотинин,2.0
скотт,2.0
скромный,2.0
скрутить,2.0
скрывать,1.69897
скрываться,1.52288
скрытый,1.52288
скулила,2.0
скупиться,2.0
скучать,1.39794
скучно,2.0
скучный,2.0
слабость,1.39794
слабоумный,2.0
слабый,1.30103
слава,1.39794
славиться,1.69897
славновый,2.0
славный,1.69897
сладко,2.0
слаженно,2.0
след,1.52288
следить,1.39794
следовать,1.04576
следствие,2.0
следующий,1.30103
слеза,1.52288
слепо,2.0
слепой,2.0
слесарёнок,2.0
сливаться,1.69897
слить,2.0
слиться,2.0
слишком,1.39794
слияние,2.0
словарь,0.0
словесность,2.0
словесный,1.39794
слово,0.0
слог,2.0
сложить,2.0
сложиться,2.0
сложно,1.52288
сложноподчинённый,2.0
сложносочинённый,1.69897
сложный,1.0
сломаться,2.0
сломить,2.0
слуга,2.0
служба,1.52288
служить,1.1549
случаем,2.0
случай,1.0
случайно,2.0
случайный,2.0
случаться,2.0
случиться,1.22185
слушатель,2.0
слушать,1.30103
слушаться,2.0
слыть,2.0
слышать,1.30103
слышный,2.0
смекалистый,2.0
смекалка,2.0
смелость,1.1549
смелый,0.95861
смена,1.30103
сменять,1.69897
смертельный,2.0
смерть,0.79588
сметь,1.69897
смех,2.0
смешанный,1.69897
смешаться,2.0
смешной,2.0
смеяться,1.52288
смиренно,2.0
смотреть,1.09691
смотреться,2.0
смотритель,2.0
смочь,0.40894
смуглый,2.0
смута,2.0
смысл,0.85387
смысловой,1.1549
смягчить,2.0
снабдить,2.0
снаряжать,2.0
сначала,0.92082
снег,1.69897
снегирёв,1.52288
снеговой,2.0
снегурочка,2.0
снежана,2.0
снежный,1.09691
снимать,2.0
снова,1.22185
собака,1.1549
собакевич,2.0
собачий,2.0
собачка,1.22185
собзь,1.52288
собирание,1.69897
собирательный,1.52288
собирать,1.22185
собираться,1.22185
соблюдать,2.0
соблюдение,2.0
соблюсти,2.0
собрание,2.0
собранный,2.0
собрать,1.09691
собраться,2.0
собственноручно,1.69897
собственность,2.0
собственный,0.76955
событие,0.79588
сова,0.00436
совать,2.0
совершать,1.22185
совершенно,1.30103
совершить,1.09691
совесть,2.0
совет,1.39794
советовать,2.0
советский,1.52288
совместно,0.5376
совмещать,2.0
совпадать,2.0
современный,1.22185
совсем,1.0
согласие,2.0
согласиться,2.0
согласный,1.30103
соглашаться,1.69897
соглашение,0.0
согнать,1.69897
содержание,0.0
содержательный,2.0
содержать,1.22185
содеять,2.0
соединение,1.69897
соединить,2.0
соединяться,2.0
сожаление,2.0
созвать,2.0
созвучный,2.0
создавать,0.95861
создаваться,1.52288
создание,0.60206
создатель,2.0
создать,0.79588
созерцать,1.69897
созидание,2.0
сознание,2.0
сойер,1.39794
сокол,2.0
соколов,1.30103
сократить,1.52288
сокровенный,1.69897
сокровище,2.0
сокрушать,2.0
солдат,1.39794
солдатов,0.00436
солженицын,2.0
солнечный,1.22185
солнце,1.1549
соловей,2.0
сологуба,2.0
солома,2.0
солох,1.30103
соль,1.69897
сомневаться,2.0
сон,1.69897
сонечка,2.0
сонный,1.69897
соня,1.52288
сообразительность,2.0
сообразительный,2.0
сообщать,1.69897
сообщение,1.69897
сообщить,2.0
соответствие,1.69897
соответствовать,1.30103
соперник,1.69897
сопоставление,1.69897
сопровождать,1.69897
соратник,2.0
сорванец,1.69897
сорвать,2.0
сорваться,1.69897
соревноваться,2.0
сорок,2.0
сосед,2.0
соседний,2.0
сослуживец,2.0
сосновиков,0.00436
сосредоточенно,2.0
сосредоточиться,2.0
составлять,1.52288
состояние,1.30103
состоятельный,2.0
состоять,0.72125
состояться,2.0
сострадание,1.69897
сострадательный,2.0
сосуд,2.0
соткать,2.0
сотник,2.0
сотня,1.69897
софия,2.0
софокл,1.69897
софья,2.0
сохранение,2.0
сохранить,1.69897
сохраниться,2.0
сохранять,2.0
социальный,1.22185
социум,2.0
сочетание,1.69897
сочетаться,1.69897
сочинение,0.0
сочинять,2.0
сочный,1.52288
сочувствие,2.0
союз,2.0
спалить,2.0
спасать,1.22185
спасаться,1.69897
спасение,1.09691
спаситель,2.0
спасти,0.95861
спастись,1.30103
спасть,1.69897
спать,1.0
спелый,2.0
спеть,2.0
специально,1.69897
специальный,1.52288
специфика,2.0
спешить,2.0
спина,1.69897
спинтувин,2.0
списать,1.52288
список,1.39794
спиться,2.0
спицын,2.0
спичка,1.69897
сплошной,2.0
спокойно,1.69897
спокойный,1.04576
спонтанность,2.0
спор,1.39794
спорт,2.0
спортивный,1.69897
способ,1.39794
способность,0.95861
способный,0.72125
способствовать,1.1549
справедливо,2.0
справедливость,1.52288
справедливый,1.39794
справиться,2.0
справляться,2.0
справочник,0.0
спрятать,2.0
спрятаться,1.69897
спуститься,2.0
спячка,2.0
сравнение,0.79588
сравнивать,1.69897
сравнительно,1.69897
сравнительный,1.1549
сражение,1.0
сразу,0.88606
среда,1.69897
среднерусский,2.0
средний,0.4437
средство,0.69897
ссора,2.0
ссориться,2.0
ссср,1.1549
ссылка,0.45593
стабильность,2.0
ставить,2.0
сталин,2.0
сталкиваться,1.52288
стандартный,1.69897
становиться,0.5376
становление,1.0
станционный,2.0
станчева,2.0
старание,2.0
стараться,0.92082
старенький,2.0
старец,1.69897
старик,1.22185
стариков,1.69897
старинный,1.69897
стародум,2.0
старое,1.69897
старость,2.0
старуха,1.30103
старухин,2.0
старушка,1.69897
старцев,2.0
старший,1.09691
старый,0.85387
стас,2.0
статус,2.0
стать,0.30103
статья,0.76955
стая,2.0
стебель,1.52288
стекло,2.0
стеклянный,2.0
стенькина,2.0
степ,2.0
степан,1.30103
степанов,2.0
степанович,2.0
степь,1.69897
стеречь,1.69897
стивенсон,2.0
стиль,2.0
стих,0.95861
стихия,1.69897
стихотворение,0.0
стихотворный,0.72125
сто,2.0
стоить,1.09691
стойко,2.0
стойкость,2.0
стойло,2.0
стол,2.0
столетие,2.0
столица,1.04576
столичный,2.0
столкнуться,1.69897
столовый,2.0
столь,1.69897
столько,1.52288
стопа,2.0
сторожить,2.0
сторона,1.0
стоять,1.39794
страда,1.69897
страдать,1.22185
страна,0.82391
страница,1.39794
странник,2.0
странно,2.0
странный,2.0
странствие,2.0
страстно,2.0
страсть,2.0
страх,1.39794
страшный,1.22185
стрела,2.0
стреловый,1.52288
стрелять,1.39794
стремительно,2.0
стремительный,2.0
стремиться,1.22185
стремление,1.52288
стрессовый,2.0
стриж,1.52288
строгий,1.69897
строго,1.69897
строгость,2.0
строение,1.30103
строить,1.69897
строиться,1.69897
строй,1.39794
стройно,2.0
строка,1.22185
строптивый,2.0
строфа,0.88606
строчка,2.0
структура,1.52288
структурно,2.0
стручковый,2.0
студент,2.0
стучать,2.0
стыдиться,2.0
субхонбердий,2.0
субъективный,2.0
суд,2.0
судить,2.0
судно,2.0
судьба,0.74473
судьбинский,2.0
судья,1.39794
суеверие,2.0
суеверный,1.69897
сулейменов,2.0
султанов,2.0
сумасбродный,1.69897
суметь,1.52288
сумма,1.69897
супруг,1.30103
суриков,0.72125
суриковый,2.0
суровый,1.22185
суслов,0.79588
сутки,2.0
сутуловатый,2.0
суть,1.69897
сухов,2.0
сухой,2.0
суша,2.0
сушковый,2.0
существенно,2.0
существительное,1.39794
существо,1.22185
существование,1.69897
существовать,1.30103
существующий,2.0
сущий,2.0
сфера,1.22185
сформулировать,2.0
схватить,1.69897
схватка,1.69897
сходить,2.0
сходство,2.0
сцена,0.82391
сценический,2.0
счастие,1.09691
счастливец,2.0
счастливый,1.04576
считать,1.0
считаться,1.30103
счёт,2.0
съесть,1.69897
сыграть,1.52288
сын,0.82391
сыпаться,2.0
сыр,2.0
сырость,2.0
сэлинджер,2.0
сэм,1.69897
сюда,0.14874
сюжет,0.82391
сюжетный,1.69897
сюжетообразующий,2.0
табак,2.0
табакерка,2.0
таблица,1.52288
табуровский,0.00436
таинственный,1.39794
тайга,1.09691
тайна,1.69897
тайный,2.0
так,0.284
таков,2.0
такой,0.29243
талант,2.0
талантливый,2.0
талисман,2.0
талый,2.0
там,0.82391
тамань,1.22185
танец,2.0
танцевать,2.0
таня,1.52288
тарас,2.0
тарасов,1.69897
татарин,1.30103
татьяна,0.76955
таяние,2.0
таять,1.69897
твардовский,2.0
твен,1.30103
твой,0.0
творение,1.69897
творец,1.69897
творить,2.0
творческий,0.88606
творчество,0.61979
твёрдый,1.39794
театр,1.69897
текст,1.04576
текстовый,2.0
телеграмма,2.0
тело,1.69897
телосложение,2.0
тема,0.0
тематика,1.69897
темнота,2.0
тень,2.0
теорема,2.0
теория,2.0
теперь,0.95861
тепло,1.22185
теплота,1.69897
терехов,1.39794
терзание,2.0
терзаться,2.0
термин,2.0
термодинамика,2.0
терпеть,1.69897
территория,1.69897
терять,1.22185
тесниться,2.0
тесно,1.30103
тесный,2.0
тест,0.0
технический,2.0
течение,2.0
тигр,2.0
тимофеевич,2.0
тимофей,1.39794
тимошенко,2.0
тимур,1.69897
тип,0.92082
типография,2.0
тихий,1.52288
тихон,2.0
тихонов,2.0
тишина,1.69897
ткань,1.69897
ткачёв,1.69897
товарищ,1.22185
тогаев,2.0
тогда,1.1549
ток,1.69897
токарев,2.0
толика,1.52288
толк,2.0
толкать,2.0
толпа,2.0
толпиться,2.0
толпыго,2.0
толстой,0.52288
толстый,1.69897
толстяк,2.0
толчок,1.69897
только,0.0
том,1.1549
тон,1.69897
тонкий,1.09691
тонко,1.22185
тонкость,2.0
топить,1.69897
топливный,2.0
тополиный,2.0
торгашева,1.0
торговать,2.0
торговец,2.0
торжественность,2.0
торжественный,1.69897
торжество,1.52288
тормозить,2.0
торопиться,2.0
торчать,2.0
тоска,1.30103
тосковать,1.30103
тот,0.22185
точка,1.22185
точно,1.30103
точный,1.69897
точёный,2.0
трава,1.69897
трагедия,1.69897
трагизм,1.69897
трагически,2.0
трагический,1.39794
трагичность,2.0
трагичный,2.0
традиционный,1.39794
традиция,1.52288
трактовать,2.0
трактовка,2.0
транспорт,2.0
тратить,1.69897
требование,2.0
требовательно,2.0
требовательный,2.0
требовать,1.22185
требоваться,2.0
трение,2.0
трепет,2.0
трепетать,1.69897
трепетно,2.0
трепетный,2.0
третий,0.85387
треугольник,1.69897
трещать,2.0
три,0.55284
тридцать,2.0
трилли,2.0
трина,2.0
тринадцатилетний,1.69897
тринадцать,1.69897
трифонов,2.0
трогательный,1.69897
трогать,1.52288
трое,2.0
троекур,2.0
троекуров,2.0
троепольский,2.0
троить,2.0
тролль,2.0
троп,2.0
тропа,2.0
тропинка,1.52288
тростник,2.0
трофимов,2.0
троянец,2.0
троянский,2.0
труд,1.69897
трудиться,1.69897
трудно,1.69897
трудность,0.0
трудный,1.30103
трудовой,2.0
трудолюбивый,1.52288
трудолюбие,2.0
труженик,2.0
труппа,2.0
трусость,2.0
тся,2.0
тугой,1.69897
тугушева,2.0
туда,2.0
тукать,2.0
туман,1.52288
тургенев,0.74473
туркевич,2.0
туркин,2.0
тусклый,2.0
тут,1.30103
туча,2.0
тучка,1.52288
тушин,2.0
тщательно,1.52288
тщательный,1.69897
ты,0.65758
тыбурций,2.0
тыбурция,1.39794
тысяча,1.69897
тьма,2.0
ться,2.0
тэтчер,2.0
тэффи,1.69897
тютчев,0.42022
тютчевский,2.0
тяга,2.0
тягостный,2.0
тяжело,1.09691
тяжёлый,1.09691
тянуть,2.0
тянуться,2.0
тёмный,1.30103
тёплый,1.04576
тёркин,2.0
тётушка,1.69897
тётя,2.0
уайльд,2.0
убегать,1.52288
убедить,2.0
убежать,1.69897
убивать,1.39794
убийственно,2.0
убийство,1.69897
убитый,2.0
убить,1.1549
убранство,2.0
убрать,2.0
уважать,1.0
уважение,1.1549
увезти,1.69897
увеличиваться,2.0
увеличить,2.0
уверенность,1.69897
уверенный,2.0
увидеть,0.65758
увидеться,1.69897
увлекаться,1.52288
увлечение,2.0
увлечённо,2.0
уводить,2.0
увядание,2.0
увядать,2.0
увядший,2.0
угадывать,2.0
углеводород,2.0
углерод,2.0
углублять,2.0
уговор,2.0
угодить,2.0
уголовный,2.0
уготовать,2.0
угощать,1.69897
угощение,2.0
угроза,2.0
угрюмый,2.0
удаваться,1.1549
удалой,2.0
удар,1.30103
ударение,0.0
ударить,2.0
ударять,1.69897
удаться,0.85387
удача,2.0
удачно,2.0
уделить,2.0
уделять,1.1549
уделяться,1.69897
удивительный,1.52288
удивить,2.0
удивление,1.69897
удивлять,2.0
удивляться,1.69897
удовольствие,1.22185
удостовериться,2.0
уездный,2.0
уезжать,1.69897
уехать,1.52288
уж,1.39794
ужас,1.39794
уже,0.49485
узнавать,1.22185
узнать,0.95861
уйти,1.52288
указание,0.0
указать,1.52288
указывать,1.1549
указываться,2.0
укол,2.0
уколоться,2.0
укорять,2.0
украдкой,2.0
украинский,1.39794
украсить,1.69897
украсть,1.69897
укрывать,1.69897
укрытый,2.0
укус,2.0
улавливать,2.0
улететь,2.0
улица,1.30103
уличный,1.69897
уловить,2.0
улучшаться,2.0
ульяна,2.0
ум,1.22185
умелый,1.69897
умение,1.39794
умереть,1.30103
уметь,0.88606
умилять,2.0
умирать,2.0
умиротворение,2.0
умножение,1.39794
умный,0.92082
умолять,2.0
умудрить,2.0
ундина,2.0
унести,2.0
университетский,2.0
унижать,2.0
унижение,1.69897
унизить,2.0
унизиться,2.0
уникальный,2.0
уничтожить,1.69897
уносить,2.0
унылый,2.0
упасть,2.0
уподоблять,2.0
упоминание,1.69897
упоминать,2.0
упомянуть,1.69897
упорный,2.0
употребить,2.0
употребление,2.0
упражнение,1.30103
упрекать,1.69897
упрямство,1.69897
уральский,2.0
урбанизация,2.0
урезанный,2.0
уродливый,1.69897
урожай,2.0
урок,0.56864
урюпин,2.0
усадьба,1.69897
усердие,1.69897
усердно,2.0
усечь,2.0
усик,2.0
усиление,1.69897
усиливать,2.0
усиливаться,1.69897
усилие,1.69897
уследить,2.0
условие,1.30103
условно,1.39794
условный,2.0
услужливость,2.0
услышать,1.52288
уснуть,1.52288
успевать,2.0
успеть,1.52288
успех,1.69897
уставать,2.0
устаревший,2.0
устать,2.0
устный,2.0
устоять,2.0
устраивать,1.52288
устраиваться,2.0
устрашать,2.0
устроить,1.69897
уступать,1.69897
усыновить,2.0
усыпить,2.0
утверждение,2.0
утеплить,2.0
утешение,1.69897
утка,2.0
утопить,0.95861
утратить,2.0
утро,1.69897
утром,2.0
ухаживать,1.52288
ухо,2.0
уховертов,2.0
уход,1.69897
уходить,1.22185
участвовать,1.69897
участие,1.30103
участник,1.39794
участь,1.52288
учебный,1.52288
ученик,0.0
ученица,2.0
учитель,0.0
учительница,1.69897
учить,0.88606
учиться,1.04576
учреждение,2.0
учуять,2.0
учёба,0.0
ушаков,2.0
ущелие,2.0
уэллс,2.0
уютный,1.69897
фабричнов,2.0
фаза,2.0
файль,2.0
факт,1.52288
фамилия,1.69897
фамус,2.0
фамусов,2.0
фамусовский,2.0
фантазия,1.69897
фантастический,1.39794
фаренгейт,2.0
фарлафа,2.0
фарух,1.22185
фаталист,1.52288
фауст,2.0
февраль,0.14874
феврония,2.0
феклуша,2.0
фенёчек,2.0
фердыщенко,2.0
ференц,1.52288
фернандо,2.0
фет,0.38722
фея,2.0
фигура,1.52288
физика,0.0
физический,1.69897
фиксировать,2.0
филиппов,2.0
филиппович,2.0
философский,1.22185
филька,2.0
филькин,2.0
фильм,2.0
фильтр,2.0
финал,1.22185
финальный,2.0
финансовый,2.0
фининспектор,2.0
финн,1.52288
фирс,2.0
флягин,2.0
фокин,2.0
фольклор,2.0
фольклорный,1.52288
фон,1.69897
фонвизин,2.0
фонд,2.0
фонетический,0.0
форма,1.09691
формально,1.69897
формальный,2.0
формирование,2.0
формироваться,1.69897
формула,1.52288
фраза,2.0
француз,2.0
французский,1.39794
фронт,2.0
фронтовой,2.0
фрукт,2.0
функция,1.39794
футбол,2.0
футляр,2.0
фёдор,1.39794
хабаров,2.0
хазар,2.0
хаксли,1.69897
хамелеон,2.0
хан,2.0
ханс,2.0
характер,0.58503
характеризовать,2.0
характеризоваться,1.39794
характеристика,0.21467
характерный,1.09691
харизматичный,2.0
хаустов,2.0
хвалить,2.0
хвастать,2.0
хватать,1.39794
хвойный,2.0
хвост,1.52288
хвостик,2.0
хвостиковый,2.0
хвощ,2.0
хемингуэй,2.0
хилый,2.0
химический,1.1549
химия,0.0
хитрость,1.69897
хитроумный,2.0
хитрый,2.0
хищный,2.0
хладнокровный,2.0
хлеб,1.22185
хлестак,2.0
хлестаков,0.88606
хлестаковщина,2.0
хлопец,2.0
хлопов,2.0
хлопоты,2.0
хлынуть,2.0
хмурый,2.0
хобби,2.0
ход,1.52288
ходить,0.92082
хозяин,1.30103
хозяйка,0.69897
хозяйственный,2.0
хозяйство,1.22185
холм,2.0
холод,1.69897
холодно,2.0
холодное,1.39794
холодность,2.0
холодный,0.85387
холст,2.0
хорей,1.39794
хороший,0.50864
хорошо,0.95861
хорь,2.0
хот,2.0
хотеть,0.63827
хотеться,1.39794
храбрость,1.1549
храбрый,1.39794
храм,1.69897
хранить,1.39794
храниться,2.0
христиана,2.0
христианский,1.69897
христина,2.0
христос,1.52288
хрома,2.0
хронологический,1.69897
хрупкий,2.0
хрущёв,2.0
худенький,2.0
худеть,2.0
художественно,2.0
художественный,0.79588
художник,1.30103
худой,2.0
хулиган,2.0
хусаин,2.0
хутор,1.09691
царевич,1.69897
царевна,2.0
царить,1.30103
царицин,2.0
царский,1.52288
царскосельский,1.69897
царство,2.0
царь,1.1549
цвести,2.0
цвет,1.39794
цветаев,1.69897
цветковый,2.0
цветок,1.69897
цветочек,2.0
цветущий,2.0
целенаправленно,2.0
целеустремлённо,2.0
целина,2.0
целое,2.0
целостный,1.69897
целый,1.1549
цель,2.0
цена,2.0
ценить,1.0
ценность,1.52288
ценный,1.69897
центр,1.22185
центральный,0.76955
цепь,2.0
церквушка,2.0
церковный,1.69897
цикл,1.22185
цикличность,2.0
цинично,2.0
цитата,2.0
цитатный,2.0
цитировать,2.0
цой,2.0
цыбиковы,1.52288
цыфиркин,2.0
чайковский,2.0
чайный,2.0
чар,2.0
чара,2.0
чарткова,2.0
чартковы,2.0
час,1.52288
часовня,2.0
частично,1.69897
частичный,0.0
часто,0.72125
частый,1.39794
часть,0.60206
часы,1.52288
чацкий,2.0
чаша,2.0
чаять,2.0
чей,1.39794
челкаша,2.0
человек,0.27572
человеколюбивый,2.0
человеческий,0.72125
человечество,2.0
челядь,2.0
черевичек,1.69897
череда,2.0
чередование,1.69897
чередоваться,2.0
череп,1.69897
чернила,2.0
чернокожий,2.0
черномор,1.69897
чернушка,1.69897
чернышевский,2.0
чернюгов,1.52288
черпать,2.0
черта,0.88606
черткоев,1.69897
чертовщина,2.0
чертог,2.0
честно,2.0
честной,1.22185
честность,1.30103
честный,1.1549
честь,0.88606
четыре,1.1549
четырехстопный,2.0
четырнадцатилетний,2.0
четырёхлетний,2.0
чехов,1.52288
чикишеть,2.0
чинить,2.0
чиновник,2.0
чиновничество,2.0
чиполлиный,2.0
чирко,2.0
чиров,2.0
числительное,1.39794
число,1.04576
чистенький,2.0
чистовый,2.0
чистота,2.0
чистый,0.95861
читатель,0.65758
читательский,0.0
читать,0.39794
читаться,2.0
чичиков,2.0
член,1.52288
чтение,0.0
что,0.0
чуб,2.0
чувственный,2.0
чувствительный,2.0
чувство,0.60206
чувствовать,1.04576
чувствоваться,1.69897
чугункина,2.0
чудесный,1.22185
чудной,2.0
чудо,1.52288
чудовищно,2.0
чудом,2.0
чудра,2.0
чуждый,1.52288
чужой,1.52288
чумак,2.0
чумаков,2.0
чуткий,2.0
чуть,1.39794
чучело,2.0
чёрный,1.0
чётный,2.0
шабунин,1.09691
шаг,1.69897
шадрин,2.0
шадрина,2.0
шайдуллин,2.0
шакуров,2.0
шалдина,2.0
шанарев,2.0
шапка,1.69897
шаповалов,2.0
шар,1.39794
шарафеев,1.52288
шарик,2.0
шарлотта,2.0
шарль,1.69897
шатия,2.0
шафарить,2.0
шахта,2.0
швабрин,2.0
шварц,2.0
швец,2.0
швондёр,2.0
шевченко,1.30103
шекспир,2.0
шелепов,2.0
шенграбенский,2.0
шептать,2.0
шер,2.0
шерер,2.0
шерсть,1.52288
шестилетний,2.0
шестистопный,2.0
шестой,1.39794
шинель,2.0
ширина,2.0
ширма,2.0
широкий,1.69897
широков,2.0
широкоплечий,2.0
шить,2.0
шишкин,2.0
шкатулка,1.69897
школа,1.30103
школьник,0.92082
школьный,1.22185
шкура,2.0
шлем,2.0
шлом,2.0
шмаков,2.0
шок,2.0
шолохов,1.52288
шопен,2.0
шпекин,2.0
штаймец,2.0
штокман,2.0
штолец,2.0
штольц,2.0
штурвал,2.0
штурмовать,2.0
шуберт,2.0
шукшин,2.0
шум,2.0
шуметь,2.0
шумно,2.0
шумный,1.39794
шургановый,1.69897
шуршать,2.0
шустрый,2.0
шутить,2.0
шутка,1.69897
шухов,2.0
щавелевый,2.0
щадить,2.0
щегол,1.52288
щедро,1.69897
щедрость,2.0
щедрый,1.69897
щелкунчик,2.0
щель,2.0
щенок,1.52288
щербатый,2.0
эбенезер,2.0
эволюция,2.0
эгоистичный,1.69897
экзамен,2.0
экзотический,2.0
экономика,1.30103
экономить,2.0
экономический,1.30103
экспедиция,2.0
экспозиция,2.0
элегия,2.0
электрический,1.1549
электромагнитный,2.0
электронный,2.0
элемент,1.30103
элен,2.0
элла,1.52288
эмигрировать,2.0
эмиль,2.0
эмир,2.0
эмма,2.0
эмоционально,2.0
эмоциональный,1.22185
эмоция,1.69897
энергичный,2.0
энергия,1.04576
эпиграмма,2.0
эпиграф,2.0
эпизод,1.39794
эпилог,2.0
эпителиальный,2.0
эпитет,0.74473
эпоха,1.39794
эраст,2.0
эрнст,2.0
эссе,0.67778
эстетический,2.0
этакий,2.0
эталон,2.0
этап,2.0
это,0.09151
этот,0.25181
эффект,1.39794
юбилей,1.69897
юг,1.69897
южный,1.0
юлиан,2.0
юлия,0.00436
юмор,1.52288
юмористический,2.0
юность,1.39794
юноша,1.69897
юношеский,1.69897
юный,1.1549
юон,2.0
юра,2.0
юриевич,2.0
юрий,1.69897
юрин,1.22185
юшка,2.0
я,0.49485
ябеда,1.69897
яблоко,2.0
яблонской,2.0
явиться,2.0
явка,2.0
явление,0.79588
являться,0.27572
явно,1.39794
явный,2.0
явтуховский,1.1549
ягода,1.69897
ядовитый,2.0
ядохина,2.0
ядро,1.69897
язык,0.0
языковой,1.52288
яйцо,2.0
яким,2.0
якобинский,2.0
яма,2.0
ямб,1.09691
ян,0.00436
януш,2.0
янький,1.52288
яркий,0.82391
ярко,1.0
яромир,2.0
ярослав,1.69897
ярославович,2.0
ярославский,2.0
яростный,2.0
ярость,2.0
ясмина,1.52288
ясно,1.69897
ясный,2.0
ястребова,2.0
яцын,2.0
яша,2.0
ящерица,2.0
ящерка,2.0
ёлка,1.69897
ёмко,2.0
ёмкость,2.0
